order_id,customer_id,order_date,total_price,payment_method,status
3001,1020,2023-09-09,4761.51,Credit Card,Completed
3002,1614,2023-07-12,4617.87,Bitcoin,Completed
3003,1292,2023-07-08,3989.48,Bank Transfer,Pending
3004,1017,2024-11-09,3596.27,Bank Transfer,Pending
3005,1245,2024-06-20,1312.46,Bank Transfer,Pending
3006,1443,2024-04-15,1903.99,PayPal,Completed
3007,1445,2023-06-29,340.37,PayPal,Cancelled
3008,1907,2023-09-03,1517.29,Bitcoin,Completed
3009,1045,2023-07-12,4884.36,PayPal,Cancelled
3010,1481,2024-01-22,880.37,Bank Transfer,Pending
3011,1237,2023-05-28,2679.1,Bitcoin,Pending
3012,1429,2023-04-06,3116.37,Bitcoin,Pending
3013,1463,2024-01-27,4968.14,Bank Transfer,Pending
3014,1093,2025-01-25,1563.88,PayPal,Cancelled
3015,1172,2025-01-15,487.71,PayPal,Pending
3016,1735,2024-08-14,3710.02,Bank Transfer,Completed
3017,1592,2024-11-25,4818.37,Bank Transfer,Completed
3018,1911,2023-08-17,1964.79,PayPal,Cancelled
3019,1942,2025-01-14,4939.36,Bank Transfer,Pending
3020,1692,2023-11-08,4330.25,Credit Card,Pending
3021,1313,2023-11-14,804.17,Bank Transfer,Pending
3022,1596,2023-04-22,4844.35,PayPal,Cancelled
3023,1134,2023-11-19,732.93,PayPal,Completed
3024,1679,2024-08-08,3681.21,Bank Transfer,Cancelled
3025,1880,2024-09-29,1097.38,Bank Transfer,Pending
3026,1513,2023-04-05,628.58,Bitcoin,Completed
3027,1441,2024-09-23,1248.92,Credit Card,Completed
3028,1574,2023-10-11,4483.67,Bank Transfer,Cancelled
3029,1821,2023-08-23,4763.75,Credit Card,Completed
3030,1293,2024-08-04,548.52,Credit Card,Completed
3031,1609,2023-10-11,4803.32,Bitcoin,Completed
3032,1718,2024-04-04,2769.1,PayPal,Cancelled
3033,1699,2023-12-04,1831.77,PayPal,Pending
3034,1848,2024-07-16,2686.66,Bitcoin,Completed
3035,1615,2024-08-06,3595.77,PayPal,Completed
3036,1451,2024-07-26,2296.79,PayPal,Pending
3037,1138,2023-11-25,2125.78,Bitcoin,Completed
3038,1299,2024-03-16,3791.75,Credit Card,Cancelled
3039,1345,2024-05-23,3008.2,Bank Transfer,Cancelled
3040,1046,2024-07-15,4999.57,PayPal,Pending
3041,1496,2024-06-25,4316.72,Bitcoin,Pending
3042,1399,2024-07-09,540.36,Credit Card,Pending
3043,1452,2023-04-19,2660.53,Bitcoin,Completed
3044,1661,2024-02-13,306.68,Credit Card,Pending
3045,1737,2024-02-22,230.31,Bank Transfer,Cancelled
3046,1186,2024-12-26,3879.14,PayPal,Pending
3047,1943,2023-11-27,1524.88,Credit Card,Cancelled
3048,1668,2024-12-27,4126.16,PayPal,Completed
3049,1333,2023-06-16,859.19,Bank Transfer,Pending
3050,1657,2023-05-29,3610.65,Bank Transfer,Pending
3051,1545,2023-09-27,2823.14,PayPal,Cancelled
3052,1434,2023-08-05,4342.83,Bank Transfer,Cancelled
3053,1386,2023-12-06,3336.58,Credit Card,Completed
3054,1799,2023-12-12,2553.65,PayPal,Pending
3055,1353,2023-09-07,796.85,PayPal,Completed
3056,1989,2024-02-06,1807.44,PayPal,Cancelled
3057,1717,2023-05-07,4271.24,Bank Transfer,Completed
3058,1158,2024-02-27,173.75,PayPal,Completed
3059,1312,2023-03-16,2039.69,Bank Transfer,Completed
3060,1517,2024-10-07,3902.39,Credit Card,Pending
3061,1154,2023-11-25,808.51,Bitcoin,Pending
3062,1536,2024-04-25,1547.42,Credit Card,Cancelled
3063,1830,2023-06-30,1449.56,Bank Transfer,Pending
3064,1213,2023-03-24,3674.44,Bitcoin,Cancelled
3065,1606,2023-07-05,3549.76,Bitcoin,Cancelled
3066,1073,2025-01-27,2086.93,Bank Transfer,Completed
3067,1445,2023-11-07,2144.61,PayPal,Completed
3068,1470,2024-03-04,2742.92,PayPal,Cancelled
3069,1844,2023-06-20,3848.59,Bitcoin,Pending
3070,1667,2024-03-23,2151.01,Bank Transfer,Pending
3071,1130,2023-09-25,3784.63,Bank Transfer,Completed
3072,1727,2024-08-23,4474.03,Bank Transfer,Cancelled
3073,1723,2023-12-25,1721.81,Bitcoin,Completed
3074,1756,2024-01-05,2303.28,Credit Card,Completed
3075,1020,2023-09-08,3535.64,PayPal,Pending
3076,1441,2023-08-12,2601.97,Bitcoin,Pending
3077,1268,2024-03-01,1601.47,PayPal,Pending
3078,1700,2024-12-28,1709.64,PayPal,Pending
3079,1664,2024-12-24,4326.77,Bitcoin,Pending
3080,1526,2023-09-04,547.13,Bitcoin,Pending
3081,1803,2023-04-19,3866.87,Credit Card,Cancelled
3082,1397,2024-05-31,2691.59,Bank Transfer,Completed
3083,1823,2024-04-25,1251.57,Bitcoin,Cancelled
3084,1208,2024-02-24,399.43,Bank Transfer,Completed
3085,1741,2024-02-06,4076.36,PayPal,Completed
3086,1789,2024-11-17,1884.93,PayPal,Pending
3087,1985,2023-02-05,2577.36,Bank Transfer,Pending
3088,1179,2024-11-12,315.38,Bank Transfer,Cancelled
3089,1589,2023-04-19,4437.88,PayPal,Pending
3090,1289,2024-06-20,4518.61,Credit Card,Cancelled
3091,1711,2023-10-17,4590.67,Bank Transfer,Cancelled
3092,1752,2023-02-25,2506.73,Bitcoin,Completed
3093,1201,2023-11-24,772.98,Bank Transfer,Pending
3094,1216,2023-02-06,1093.62,Bank Transfer,Cancelled
3095,1766,2025-01-18,4287.01,Bank Transfer,Cancelled
3096,1533,2024-08-24,4328.14,Bitcoin,Pending
3097,1877,2024-10-02,3370.08,PayPal,Pending
3098,1773,2023-02-13,4624.02,Bank Transfer,Pending
3099,1722,2024-03-01,1487.37,Bitcoin,Completed
3100,1676,2024-09-01,1286.28,Bank Transfer,Cancelled
3101,1658,2024-05-19,3938.57,PayPal,Completed
3102,1519,2024-04-02,3866.94,PayPal,Cancelled
3103,1591,2023-06-25,4567.1,Bank Transfer,Cancelled
3104,1504,2023-10-08,4268.44,Credit Card,Cancelled
3105,1012,2024-01-08,4868.78,PayPal,Pending
3106,1100,2024-05-02,555.09,Bank Transfer,Pending
3107,1422,2024-05-17,1823.42,Bank Transfer,Pending
3108,1511,2024-10-01,3229.96,Credit Card,Completed
3109,1430,2024-09-14,1239.51,Credit Card,Completed
3110,1985,2023-10-24,3590.09,Bitcoin,Completed
3111,1154,2023-08-23,3829.51,Credit Card,Completed
3112,1953,2023-08-26,3019.77,Bitcoin,Completed
3113,1397,2025-01-10,847.37,Credit Card,Completed
3114,1803,2024-04-04,1070.55,Bitcoin,Completed
3115,1207,2023-03-08,4208.58,Credit Card,Cancelled
3116,1967,2023-04-29,1251.48,Bitcoin,Completed
3117,1798,2024-03-02,191.0,Credit Card,Completed
3118,1016,2024-09-12,1239.29,PayPal,Cancelled
3119,1685,2023-07-03,433.51,Bitcoin,Cancelled
3120,1811,2023-04-23,3700.4,Credit Card,Pending
3121,1153,2023-05-26,933.74,Credit Card,Completed
3122,1100,2023-11-29,1136.62,Bitcoin,Cancelled
3123,1243,2023-09-25,4120.58,Bitcoin,Pending
3124,1435,2023-07-06,2166.25,Credit Card,Cancelled
3125,1032,2023-08-09,88.71,Bank Transfer,Pending
3126,1847,2023-11-19,3505.39,Bitcoin,Pending
3127,1043,2023-05-28,3464.61,Bitcoin,Pending
3128,1283,2024-07-24,2925.59,Bank Transfer,Cancelled
3129,1246,2023-05-14,3127.77,Bitcoin,Cancelled
3130,1886,2024-10-16,4022.29,Bank Transfer,Cancelled
3131,1452,2023-10-06,4753.71,Credit Card,Pending
3132,1889,2023-12-05,4008.67,Bank Transfer,Pending
3133,1990,2023-05-06,2433.17,Bank Transfer,Completed
3134,1303,2024-02-14,4952.73,Credit Card,Pending
3135,1957,2023-09-18,4957.19,Credit Card,Cancelled
3136,1390,2023-02-13,4668.01,Bank Transfer,Pending
3137,1326,2023-04-08,398.41,Credit Card,Pending
3138,1014,2024-12-25,753.59,PayPal,Completed
3139,1174,2023-03-23,705.15,Bank Transfer,Cancelled
3140,1871,2024-05-02,3513.07,Bitcoin,Cancelled
3141,1799,2023-06-27,4225.6,Bitcoin,Cancelled
3142,1071,2024-09-28,532.57,Bank Transfer,Completed
3143,1148,2024-03-29,3925.99,PayPal,Pending
3144,1031,2024-10-29,365.06,Bank Transfer,Cancelled
3145,1686,2024-07-10,2626.13,PayPal,Pending
3146,1561,2023-12-19,470.64,Bank Transfer,Pending
3147,1677,2023-12-04,2687.67,Credit Card,Pending
3148,1523,2024-04-30,925.23,Bitcoin,Cancelled
3149,1178,2024-12-02,4070.58,PayPal,Cancelled
3150,1625,2024-01-17,535.29,Bitcoin,Completed
3151,1662,2023-02-28,4747.12,Credit Card,Cancelled
3152,1836,2024-09-03,3271.67,Bitcoin,Cancelled
3153,1800,2023-12-04,622.98,Bank Transfer,Completed
3154,1037,2024-04-08,2357.02,Bank Transfer,Cancelled
3155,1614,2023-11-01,3012.72,Bank Transfer,Cancelled
3156,1979,2023-09-03,763.53,Bank Transfer,Completed
3157,1632,2023-02-28,1606.61,Bank Transfer,Cancelled
3158,1735,2023-03-27,4585.72,Credit Card,Completed
3159,1006,2024-09-15,4121.03,Credit Card,Cancelled
3160,1580,2023-11-06,585.86,PayPal,Completed
3161,1571,2023-10-18,1789.63,Credit Card,Completed
3162,1023,2023-03-08,1716.23,Bitcoin,Cancelled
3163,1108,2024-03-10,4936.85,Credit Card,Cancelled
3164,1649,2024-06-05,2595.89,Bitcoin,Pending
3165,1305,2024-10-16,3528.43,Credit Card,Completed
3166,1491,2024-09-05,303.04,PayPal,Pending
3167,1012,2023-09-26,2832.35,Credit Card,Cancelled
3168,1621,2023-08-19,302.51,PayPal,Pending
3169,1533,2023-07-06,190.31,Bank Transfer,Cancelled
3170,1611,2025-01-30,4400.6,Bank Transfer,Pending
3171,1845,2023-02-26,4573.54,PayPal,Completed
3172,1364,2023-08-13,830.09,Bank Transfer,Cancelled
3173,1448,2024-10-16,2770.07,PayPal,Cancelled
3174,1887,2024-04-15,1445.53,PayPal,Cancelled
3175,1021,2024-05-27,4911.44,Bitcoin,Completed
3176,1609,2023-10-28,2372.32,PayPal,Pending
3177,1166,2024-01-25,2857.18,Bank Transfer,Cancelled
3178,1036,2023-12-19,345.2,PayPal,Completed
3179,1668,2025-01-16,4325.31,Bitcoin,Cancelled
3180,1868,2024-01-27,4788.92,Credit Card,Completed
3181,1286,2024-08-09,4059.76,Bitcoin,Pending
3182,1432,2024-08-30,3209.22,Credit Card,Completed
3183,1096,2025-01-11,2289.13,Bank Transfer,Completed
3184,1312,2024-09-27,2066.09,PayPal,Pending
3185,1619,2024-09-27,1123.36,Bitcoin,Completed
3186,1291,2023-08-25,3692.26,Bitcoin,Pending
3187,1645,2023-04-07,641.11,Bank Transfer,Completed
3188,1434,2024-08-18,3648.68,Credit Card,Pending
3189,1318,2023-12-26,2881.34,Bank Transfer,Cancelled
3190,1522,2024-02-15,1748.93,PayPal,Cancelled
3191,1589,2023-04-03,4052.7,Credit Card,Completed
3192,1935,2023-11-12,3751.14,Bank Transfer,Cancelled
3193,1750,2024-02-24,4995.34,PayPal,Cancelled
3194,1027,2023-11-04,2853.22,Credit Card,Cancelled
3195,1022,2024-07-20,800.43,Bitcoin,Completed
3196,1194,2024-10-28,1076.97,Credit Card,Completed
3197,1615,2024-05-12,4799.79,Credit Card,Completed
3198,1162,2024-03-21,2159.57,PayPal,Completed
3199,1768,2024-11-11,2316.68,Credit Card,Cancelled
3200,1775,2023-04-01,3159.05,Credit Card,Completed
3201,1910,2024-07-11,2502.02,Credit Card,Pending
3202,1812,2023-10-19,4033.48,Bank Transfer,Pending
3203,1693,2023-03-21,1074.99,Bitcoin,Completed
3204,1985,2024-02-11,2929.15,Bank Transfer,Completed
3205,1723,2023-08-29,4234.38,Bank Transfer,Cancelled
3206,1789,2024-11-29,3910.59,Credit Card,Completed
3207,1042,2023-05-26,4055.03,Bank Transfer,Pending
3208,1875,2023-03-07,3933.66,Bitcoin,Pending
3209,1007,2024-06-13,419.25,PayPal,Cancelled
3210,1146,2024-01-02,3547.88,PayPal,Completed
3211,1951,2024-04-30,3953.83,Bank Transfer,Completed
3212,1755,2023-07-20,4800.06,PayPal,Cancelled
3213,1157,2024-12-14,2910.46,Bank Transfer,Completed
3214,1406,2023-02-08,2119.57,PayPal,Cancelled
3215,1250,2024-12-11,841.48,PayPal,Cancelled
3216,1792,2024-01-12,283.2,PayPal,Completed
3217,1772,2023-03-23,1469.83,PayPal,Cancelled
3218,1680,2024-11-07,2683.59,Credit Card,Pending
3219,1995,2023-06-28,4541.51,PayPal,Completed
3220,1031,2023-07-15,4224.61,Bank Transfer,Completed
3221,1720,2024-11-01,3249.86,Bank Transfer,Cancelled
3222,1671,2023-06-29,2509.37,Credit Card,Cancelled
3223,1879,2024-02-22,3418.81,PayPal,Pending
3224,1362,2023-05-06,66.64,Bank Transfer,Completed
3225,1954,2023-07-17,990.91,PayPal,Pending
3226,1086,2023-03-23,4603.06,Credit Card,Pending
3227,1115,2023-05-04,224.54,Bank Transfer,Completed
3228,1370,2023-02-09,708.62,Bitcoin,Cancelled
3229,1761,2023-11-01,4084.68,Credit Card,Cancelled
3230,1594,2024-07-18,2926.65,PayPal,Completed
3231,1535,2024-07-29,2563.0,Credit Card,Completed
3232,1785,2024-07-04,80.93,Bitcoin,Pending
3233,1720,2024-06-07,3292.49,Bank Transfer,Completed
3234,1024,2024-12-17,4214.39,Credit Card,Completed
3235,1379,2024-04-20,4781.38,Bank Transfer,Completed
3236,1625,2023-04-20,3845.96,Bank Transfer,Completed
3237,1069,2023-09-15,4701.73,Credit Card,Completed
3238,1597,2024-07-26,4100.35,Bitcoin,Completed
3239,1366,2025-01-27,1233.05,Bitcoin,Cancelled
3240,1567,2024-09-28,189.26,Bitcoin,Cancelled
3241,1093,2024-10-09,3669.99,PayPal,Completed
3242,1323,2023-03-15,2473.55,Bitcoin,Completed
3243,1546,2024-05-10,2140.3,Credit Card,Completed
3244,1588,2023-05-23,2422.45,Bitcoin,Pending
3245,1244,2024-07-16,3968.32,PayPal,Cancelled
3246,1556,2023-08-26,3923.61,Bitcoin,Pending
3247,1372,2024-06-04,4467.82,Bank Transfer,Pending
3248,1965,2023-03-29,4407.04,Credit Card,Cancelled
3249,1628,2023-05-13,4261.18,Bank Transfer,Pending
3250,1526,2024-09-20,4943.99,PayPal,Completed
3251,1960,2023-09-09,3851.0,Bitcoin,Pending
3252,1419,2024-09-27,564.0,Bank Transfer,Cancelled
3253,1182,2024-09-09,4640.61,PayPal,Pending
3254,1085,2024-10-01,2162.5,Bitcoin,Pending
3255,1190,2023-12-24,2370.49,Bitcoin,Cancelled
3256,1813,2024-08-13,1978.88,Credit Card,Pending
3257,1694,2024-01-12,4900.47,Bitcoin,Completed
3258,1473,2024-07-07,3508.7,PayPal,Cancelled
3259,1318,2023-12-23,1732.89,Bank Transfer,Completed
3260,1847,2024-12-27,1950.96,Bank Transfer,Pending
3261,1260,2023-05-26,4506.86,PayPal,Pending
3262,1908,2024-10-02,1351.75,Bank Transfer,Pending
3263,1723,2023-05-26,1407.97,Bitcoin,Cancelled
3264,1270,2024-08-03,865.78,PayPal,Completed
3265,1880,2023-11-27,1317.65,Credit Card,Cancelled
3266,1396,2024-08-29,2815.22,Bitcoin,Cancelled
3267,1499,2024-09-07,1412.83,PayPal,Completed
3268,1536,2024-12-20,4450.38,Bitcoin,Completed
3269,1098,2023-03-01,4183.46,Bitcoin,Cancelled
3270,1597,2023-11-18,4135.61,Bitcoin,Pending
3271,1918,2023-07-26,3301.87,Bitcoin,Pending
3272,1414,2024-12-21,1520.41,Credit Card,Pending
3273,1742,2024-09-13,4942.96,Bank Transfer,Completed
3274,1971,2023-07-05,2146.45,Credit Card,Pending
3275,1516,2024-08-06,2199.37,Bitcoin,Cancelled
3276,1608,2024-09-29,3358.16,Credit Card,Pending
3277,1277,2023-03-25,363.47,Bank Transfer,Pending
3278,1929,2024-06-14,733.51,PayPal,Cancelled
3279,1601,2023-05-12,3550.96,Bank Transfer,Cancelled
3280,1142,2023-02-02,2396.36,Bitcoin,Pending
3281,1975,2024-01-12,3179.68,Credit Card,Completed
3282,1835,2024-09-05,1277.21,Bitcoin,Completed
3283,1563,2023-09-16,2207.87,Bitcoin,Pending
3284,1536,2024-12-19,4309.58,PayPal,Completed
3285,1956,2024-03-31,3676.09,Credit Card,Pending
3286,1630,2024-08-14,3288.48,Bank Transfer,Completed
3287,1655,2023-12-04,694.12,Bitcoin,Completed
3288,1670,2024-03-11,2881.8,Credit Card,Completed
3289,1271,2024-02-07,4553.53,Bank Transfer,Completed
3290,1244,2025-01-03,2190.81,PayPal,Cancelled
3291,1670,2023-07-05,2087.48,PayPal,Completed
3292,1192,2023-08-07,2817.31,PayPal,Pending
3293,1860,2024-12-15,4492.04,PayPal,Completed
3294,1596,2023-04-21,2493.01,Bank Transfer,Pending
3295,1842,2023-10-09,1456.85,Credit Card,Completed
3296,1119,2023-02-03,2036.63,Bitcoin,Cancelled
3297,1043,2023-08-28,1270.89,Bitcoin,Cancelled
3298,1817,2023-09-26,787.23,Bank Transfer,Cancelled
3299,1450,2023-08-06,4343.92,Credit Card,Cancelled
3300,1291,2024-11-24,299.27,Credit Card,Pending
3301,1247,2025-01-13,454.17,Bitcoin,Pending
3302,1418,2024-01-01,1288.87,Bitcoin,Completed
3303,1651,2024-06-10,980.13,PayPal,Completed
3304,1352,2023-12-03,4570.05,Bank Transfer,Cancelled
3305,1657,2024-01-24,1841.38,Bitcoin,Cancelled
3306,1829,2023-04-19,1829.22,PayPal,Completed
3307,1711,2023-02-16,1106.18,Bitcoin,Pending
3308,1582,2023-10-14,4583.63,Bank Transfer,Pending
3309,1544,2024-09-11,1635.25,Credit Card,Pending
3310,1944,2024-10-11,4773.9,Bitcoin,Completed
3311,1222,2024-01-28,851.02,PayPal,Pending
3312,1242,2024-12-27,4829.75,Credit Card,Completed
3313,1429,2023-12-11,4774.29,Bank Transfer,Pending
3314,1223,2024-06-11,4763.54,Credit Card,Pending
3315,1010,2024-01-15,4857.38,PayPal,Pending
3316,1134,2023-06-27,3840.38,PayPal,Cancelled
3317,1332,2024-10-12,2885.66,Bank Transfer,Pending
3318,1480,2024-06-11,3277.36,Bank Transfer,Pending
3319,1654,2024-06-01,2380.59,PayPal,Pending
3320,1007,2023-12-28,1429.46,Bank Transfer,Completed
3321,1861,2023-08-02,1861.21,Bank Transfer,Pending
3322,1461,2023-07-23,3712.11,Credit Card,Completed
3323,1830,2024-12-15,4678.37,Credit Card,Pending
3324,1808,2023-10-22,2977.16,Bank Transfer,Completed
3325,1795,2023-03-14,517.62,Bitcoin,Cancelled
3326,1287,2024-01-15,2199.47,PayPal,Cancelled
3327,1888,2023-08-09,2071.76,PayPal,Pending
3328,1724,2024-09-01,1874.62,PayPal,Cancelled
3329,1200,2023-10-20,4463.33,Bitcoin,Cancelled
3330,1480,2023-09-21,1513.19,Bitcoin,Completed
3331,1421,2023-11-12,465.28,Bitcoin,Pending
3332,1789,2023-05-15,2422.42,Bitcoin,Cancelled
3333,1423,2024-07-20,550.64,Credit Card,Pending
3334,1135,2024-04-12,4478.63,PayPal,Completed
3335,1134,2024-03-11,1869.04,PayPal,Cancelled
3336,1784,2025-01-29,1698.32,Bitcoin,Completed
3337,1848,2023-04-19,4316.31,Bank Transfer,Completed
3338,1945,2024-08-18,3371.77,Bank Transfer,Completed
3339,1442,2023-02-22,4107.33,PayPal,Pending
3340,1266,2024-10-08,2469.62,Bitcoin,Completed
3341,1565,2025-01-05,2373.98,Credit Card,Completed
3342,1164,2023-11-30,3306.49,Credit Card,Pending
3343,1093,2023-02-04,1856.88,Bitcoin,Pending
3344,1867,2024-11-12,943.14,PayPal,Pending
3345,1002,2024-05-07,808.45,PayPal,Cancelled
3346,1630,2024-05-24,1739.95,PayPal,Pending
3347,1662,2023-06-01,4021.54,Bank Transfer,Cancelled
3348,1022,2023-04-13,3082.95,Credit Card,Completed
3349,1309,2024-08-21,4420.06,PayPal,Cancelled
3350,1954,2024-02-03,4553.6,Bitcoin,Completed
3351,1482,2023-04-13,2973.95,Bitcoin,Pending
3352,1161,2024-09-04,3030.22,Bitcoin,Pending
3353,1564,2023-11-01,1869.8,PayPal,Completed
3354,1258,2024-12-31,1225.09,Bank Transfer,Completed
3355,1334,2024-07-04,2111.9,Bitcoin,Cancelled
3356,1466,2024-03-15,4071.13,PayPal,Cancelled
3357,1443,2023-06-29,108.67,PayPal,Completed
3358,1139,2024-11-19,2536.55,Bitcoin,Completed
3359,1528,2024-05-15,4158.69,Bank Transfer,Completed
3360,1902,2024-01-10,3241.55,PayPal,Cancelled
3361,1101,2024-06-25,1435.27,PayPal,Completed
3362,1558,2025-01-05,2674.82,Bitcoin,Cancelled
3363,1906,2023-12-01,3504.0,Bitcoin,Pending
3364,1919,2025-01-07,3733.97,Credit Card,Cancelled
3365,1857,2024-07-15,4440.55,Bank Transfer,Pending
3366,1855,2024-12-02,2986.89,Bank Transfer,Pending
3367,1969,2023-03-18,4366.58,Bitcoin,Pending
3368,1908,2023-10-31,2148.79,Credit Card,Pending
3369,1374,2023-02-11,3283.65,Bitcoin,Cancelled
3370,1348,2024-02-21,386.94,Credit Card,Cancelled
3371,1676,2024-03-12,580.31,Bitcoin,Cancelled
3372,1688,2023-03-19,3641.63,Bank Transfer,Cancelled
3373,1061,2024-09-06,4869.0,Bank Transfer,Pending
3374,1451,2023-03-08,3811.03,PayPal,Completed
3375,1108,2023-11-05,553.88,Bitcoin,Pending
3376,1466,2023-12-16,2907.28,PayPal,Completed
3377,1734,2023-06-27,3540.06,PayPal,Cancelled
3378,1621,2024-04-03,2215.62,Credit Card,Completed
3379,1848,2024-09-14,704.05,Credit Card,Completed
3380,1193,2023-12-23,542.91,Bitcoin,Cancelled
3381,1725,2024-05-21,4296.33,Bank Transfer,Completed
3382,1247,2023-11-09,2498.26,Bank Transfer,Cancelled
3383,1941,2023-04-05,581.57,Bank Transfer,Completed
3384,1750,2023-06-28,176.42,PayPal,Cancelled
3385,1658,2023-06-09,3433.41,PayPal,Cancelled
3386,1424,2024-03-06,3570.04,PayPal,Completed
3387,1565,2024-09-22,4077.83,PayPal,Cancelled
3388,1968,2023-07-13,2126.34,Credit Card,Completed
3389,1065,2024-01-16,4299.01,PayPal,Pending
3390,1982,2024-03-05,1977.3,Bitcoin,Pending
3391,1478,2024-09-22,153.04,Bitcoin,Pending
3392,1184,2024-07-27,2826.05,Bank Transfer,Pending
3393,1660,2024-06-14,3495.22,Bank Transfer,Pending
3394,1245,2023-04-01,2848.34,PayPal,Completed
3395,1890,2025-01-30,1339.32,Bitcoin,Pending
3396,1412,2023-05-26,2958.36,PayPal,Pending
3397,1150,2024-02-01,4043.98,Credit Card,Cancelled
3398,1875,2023-10-09,4395.57,Credit Card,Completed
3399,1282,2024-10-13,4567.89,Bank Transfer,Pending
3400,1221,2024-11-13,1569.69,Bank Transfer,Cancelled
3401,1188,2024-03-28,2019.46,Bank Transfer,Completed
3402,1118,2023-05-14,1654.37,Bank Transfer,Pending
3403,1016,2024-12-15,4390.73,Credit Card,Pending
3404,1515,2023-12-04,2803.74,PayPal,Pending
3405,1443,2024-02-18,767.32,Bank Transfer,Pending
3406,1258,2023-11-11,4814.59,PayPal,Cancelled
3407,1306,2023-10-16,4326.98,Bitcoin,Pending
3408,1137,2023-10-24,3594.84,PayPal,Cancelled
3409,1297,2024-10-11,1670.25,Credit Card,Cancelled
3410,1068,2024-11-08,3123.45,Bitcoin,Pending
3411,1863,2024-11-06,4270.69,PayPal,Pending
3412,1017,2023-05-13,3680.72,PayPal,Cancelled
3413,1027,2024-02-16,3529.05,Credit Card,Pending
3414,1381,2023-02-17,4236.18,PayPal,Pending
3415,1392,2024-09-02,2223.94,PayPal,Pending
3416,1746,2024-10-26,3058.39,Bank Transfer,Cancelled
3417,1574,2024-11-21,4219.02,Bitcoin,Cancelled
3418,1119,2023-03-07,1872.11,Credit Card,Completed
3419,1800,2023-04-24,3916.85,Bitcoin,Completed
3420,1280,2024-02-07,2397.19,Bitcoin,Completed
3421,1652,2024-08-20,1145.87,Bank Transfer,Completed
3422,1708,2023-07-01,4306.04,Credit Card,Completed
3423,1497,2024-04-10,3962.95,Bank Transfer,Cancelled
3424,1279,2024-02-08,2640.2,Bank Transfer,Completed
3425,1566,2023-11-18,4933.05,Credit Card,Completed
3426,1443,2024-05-19,3806.84,Bitcoin,Cancelled
3427,1476,2023-10-27,1651.22,Bank Transfer,Cancelled
3428,1846,2024-09-28,3346.86,Credit Card,Completed
3429,1933,2024-10-28,1907.6,Bank Transfer,Pending
3430,1407,2024-02-26,444.79,Credit Card,Cancelled
3431,1283,2023-08-31,2718.05,Bitcoin,Completed
3432,1807,2024-08-22,3381.08,PayPal,Cancelled
3433,1321,2024-02-24,1453.85,Bitcoin,Completed
3434,1624,2024-07-28,2270.12,Bank Transfer,Pending
3435,1395,2023-11-20,1349.82,Bank Transfer,Cancelled
3436,1597,2023-10-11,573.51,Bitcoin,Cancelled
3437,1986,2023-11-06,4193.7,Bitcoin,Completed
3438,1736,2023-04-15,2554.47,Credit Card,Cancelled
3439,1070,2024-08-01,2092.32,Bank Transfer,Pending
3440,1422,2023-07-20,1621.21,Bank Transfer,Completed
3441,1618,2023-08-17,1350.01,Credit Card,Cancelled
3442,1276,2023-08-23,1658.76,Bitcoin,Pending
3443,1676,2023-07-01,3480.12,Credit Card,Pending
3444,1761,2024-01-03,3096.77,Bank Transfer,Pending
3445,1194,2024-11-19,896.26,Bank Transfer,Cancelled
3446,1166,2023-12-26,4240.15,Bitcoin,Cancelled
3447,1751,2024-02-29,4889.3,Bitcoin,Cancelled
3448,1850,2023-02-18,3288.07,Credit Card,Completed
3449,1730,2024-11-16,4856.87,Credit Card,Completed
3450,1646,2023-10-08,3622.59,Credit Card,Completed
3451,1087,2024-01-30,878.48,Bitcoin,Completed
3452,1337,2024-03-05,962.56,Credit Card,Cancelled
3453,1077,2024-01-11,2099.06,PayPal,Pending
3454,1193,2024-08-01,1376.96,Bank Transfer,Pending
3455,1748,2024-06-11,1354.64,Bitcoin,Completed
3456,1192,2024-12-17,728.09,Bitcoin,Pending
3457,1513,2023-04-20,680.8,Bank Transfer,Pending
3458,1636,2023-12-15,4351.17,Bank Transfer,Cancelled
3459,1487,2023-10-06,4880.86,Bank Transfer,Cancelled
3460,1610,2023-06-13,2221.31,PayPal,Cancelled
3461,1022,2023-08-21,2602.26,PayPal,Completed
3462,1906,2023-09-12,3253.33,Bank Transfer,Cancelled
3463,1562,2024-09-09,3492.71,PayPal,Completed
3464,1935,2024-08-12,3952.83,Bank Transfer,Pending
3465,1202,2023-05-02,460.64,PayPal,Pending
3466,1717,2024-07-13,352.32,Bank Transfer,Completed
3467,1605,2024-06-05,3225.59,PayPal,Cancelled
3468,1722,2023-07-02,100.81,Bank Transfer,Pending
3469,1727,2023-09-05,4055.34,Bitcoin,Pending
3470,1436,2023-10-13,4512.11,Credit Card,Pending
3471,1976,2023-07-23,4299.97,Bitcoin,Completed
3472,1447,2023-05-30,3473.37,PayPal,Completed
3473,1879,2023-02-06,1563.53,Credit Card,Cancelled
3474,1255,2025-01-16,2623.2,Bank Transfer,Cancelled
3475,1596,2023-12-24,4324.05,Credit Card,Pending
3476,1547,2023-08-07,1655.06,PayPal,Cancelled
3477,1427,2024-08-30,318.87,PayPal,Completed
3478,1032,2024-12-06,2942.71,Bitcoin,Cancelled
3479,1659,2023-11-03,1720.35,PayPal,Pending
3480,1037,2024-05-17,342.08,Bank Transfer,Completed
3481,1392,2024-02-24,180.93,Bank Transfer,Completed
3482,1816,2023-04-05,2716.66,Bank Transfer,Completed
3483,1558,2023-08-11,1215.24,Bank Transfer,Completed
3484,1350,2023-12-13,2505.85,PayPal,Completed
3485,1482,2024-08-23,611.82,Bank Transfer,Cancelled
3486,1883,2024-02-02,4207.14,Bank Transfer,Cancelled
3487,1455,2024-01-02,1057.53,Credit Card,Completed
3488,1919,2024-11-30,2027.33,PayPal,Pending
3489,1133,2023-05-05,3805.18,Bitcoin,Cancelled
3490,1861,2023-08-03,1235.5,PayPal,Pending
3491,1374,2023-10-05,4421.98,Credit Card,Pending
3492,1248,2024-03-03,2780.75,Credit Card,Cancelled
3493,1846,2023-12-24,2910.79,PayPal,Cancelled
3494,1848,2024-11-30,3921.44,Credit Card,Pending
3495,1248,2023-06-05,187.61,PayPal,Pending
3496,1574,2024-07-26,1326.62,Credit Card,Cancelled
3497,1793,2024-03-26,2945.42,Bitcoin,Pending
3498,1398,2023-09-10,52.92,PayPal,Completed
3499,1561,2025-01-21,3869.7,Bank Transfer,Completed
3500,1432,2024-09-22,835.62,Bank Transfer,Pending
3501,1753,2023-02-25,1279.79,Bitcoin,Cancelled
3502,1606,2024-06-07,2610.56,Credit Card,Pending
3503,1962,2023-05-05,450.3,PayPal,Pending
3504,1428,2023-08-07,2354.48,Credit Card,Completed
3505,1137,2024-09-12,120.47,Bitcoin,Cancelled
3506,1877,2025-01-19,359.73,Bank Transfer,Completed
3507,1526,2024-11-22,3644.08,Credit Card,Cancelled
3508,1393,2023-05-12,4851.26,Bitcoin,Cancelled
3509,1031,2023-04-08,3200.64,Bitcoin,Completed
3510,1989,2024-03-11,3632.69,Credit Card,Completed
3511,1874,2024-02-15,3805.89,Credit Card,Cancelled
3512,1869,2024-02-17,2798.27,Credit Card,Completed
3513,1296,2023-04-19,2076.45,Credit Card,Pending
3514,1128,2024-11-02,3225.93,PayPal,Completed
3515,1825,2024-05-20,442.42,Bitcoin,Cancelled
3516,1475,2024-10-22,2706.72,PayPal,Pending
3517,1079,2024-06-03,760.66,Credit Card,Pending
3518,1880,2024-12-10,403.56,PayPal,Completed
3519,1141,2023-08-29,425.1,Bank Transfer,Completed
3520,1360,2024-06-17,434.98,Bank Transfer,Cancelled
3521,1998,2023-09-07,3753.07,PayPal,Completed
3522,1152,2024-02-03,1710.35,Bank Transfer,Completed
3523,1126,2024-04-23,823.75,Bitcoin,Pending
3524,1383,2023-11-11,4900.12,Bank Transfer,Completed
3525,1678,2024-01-30,328.63,PayPal,Pending
3526,1142,2023-10-29,1173.26,Bitcoin,Completed
3527,1371,2024-09-26,4079.86,PayPal,Pending
3528,1158,2024-09-22,929.14,PayPal,Pending
3529,1473,2023-04-11,3844.76,Bitcoin,Pending
3530,1944,2023-05-23,1635.55,PayPal,Pending
3531,1087,2023-04-17,2122.55,PayPal,Cancelled
3532,1838,2023-10-19,3339.06,PayPal,Pending
3533,1378,2024-07-27,3902.79,Bank Transfer,Cancelled
3534,1427,2023-12-15,1842.3,PayPal,Completed
3535,1938,2024-09-17,1281.49,PayPal,Completed
3536,1963,2024-09-11,4352.5,Bank Transfer,Completed
3537,1403,2024-12-19,4797.63,Credit Card,Completed
3538,1333,2023-09-17,516.37,Bank Transfer,Cancelled
3539,1880,2024-02-19,1108.96,Bank Transfer,Cancelled
3540,1365,2023-12-30,1242.2,PayPal,Pending
3541,1570,2023-05-28,4532.41,Credit Card,Cancelled
3542,1640,2023-02-09,293.85,Credit Card,Pending
3543,1078,2023-03-13,2112.38,PayPal,Pending
3544,1398,2023-12-06,703.26,Credit Card,Completed
3545,1931,2023-05-16,2870.03,Credit Card,Pending
3546,1924,2024-02-29,945.32,Bitcoin,Completed
3547,1788,2024-10-12,607.24,Credit Card,Pending
3548,1934,2024-07-30,2799.32,Credit Card,Pending
3549,1033,2024-07-21,2081.5,Bitcoin,Completed
3550,1658,2023-07-13,779.22,Credit Card,Cancelled
3551,1076,2023-02-28,4962.52,PayPal,Completed
3552,1058,2024-06-26,1475.49,PayPal,Cancelled
3553,1600,2023-02-05,369.14,PayPal,Cancelled
3554,1452,2024-07-25,3688.22,Bank Transfer,Completed
3555,1770,2024-08-24,3324.71,Bank Transfer,Pending
3556,1998,2024-02-27,842.65,Bank Transfer,Cancelled
3557,1900,2024-06-06,3264.06,Bitcoin,Completed
3558,1301,2023-03-05,3808.3,Bitcoin,Cancelled
3559,1302,2024-06-26,502.72,Credit Card,Cancelled
3560,1407,2024-01-22,4210.06,PayPal,Pending
3561,1718,2023-12-29,3406.51,Credit Card,Cancelled
3562,1842,2023-08-03,2558.96,PayPal,Completed
3563,1333,2024-07-31,1512.48,Bank Transfer,Pending
3564,1115,2023-07-27,1080.63,Credit Card,Cancelled
3565,1770,2023-07-16,4147.22,Bitcoin,Cancelled
3566,1702,2024-01-27,3276.18,PayPal,Pending
3567,1393,2024-06-12,2037.9,Bank Transfer,Cancelled
3568,1382,2024-06-18,3704.64,Bank Transfer,Pending
3569,1440,2023-08-10,3003.4,PayPal,Cancelled
3570,1781,2024-11-25,2952.32,Bank Transfer,Cancelled
3571,1235,2024-07-03,3645.92,Bank Transfer,Pending
3572,1869,2025-01-31,1512.78,Bank Transfer,Cancelled
3573,1717,2023-07-14,3888.37,PayPal,Pending
3574,1192,2024-05-30,2427.83,PayPal,Pending
3575,1380,2023-08-26,1759.46,Bank Transfer,Cancelled
3576,1693,2024-03-29,4757.64,Credit Card,Pending
3577,1983,2024-12-31,180.39,Bank Transfer,Pending
3578,1567,2024-11-10,2320.24,Credit Card,Pending
3579,1300,2024-11-23,4544.2,Bank Transfer,Completed
3580,1384,2024-01-30,1824.55,Bank Transfer,Cancelled
3581,1886,2024-02-11,618.86,Bank Transfer,Cancelled
3582,1107,2024-04-29,4233.57,Bank Transfer,Pending
3583,1219,2023-09-07,2195.67,Bank Transfer,Cancelled
3584,1206,2023-02-21,1861.17,PayPal,Cancelled
3585,1164,2024-01-05,1742.17,Bitcoin,Cancelled
3586,1124,2024-03-27,957.49,Bitcoin,Cancelled
3587,1581,2024-10-22,4999.76,Credit Card,Pending
3588,1122,2024-04-08,3931.08,PayPal,Completed
3589,1078,2024-09-12,3531.21,PayPal,Pending
3590,1845,2024-12-16,885.83,Bank Transfer,Cancelled
3591,1688,2023-02-24,4209.55,Bitcoin,Completed
3592,1416,2024-01-03,3009.11,Credit Card,Cancelled
3593,1546,2025-01-14,556.35,PayPal,Pending
3594,1086,2025-01-02,1886.25,Bank Transfer,Pending
3595,1130,2023-03-29,1495.88,Credit Card,Cancelled
3596,1532,2023-03-10,3357.61,Bitcoin,Completed
3597,1878,2023-07-01,2323.46,Bitcoin,Pending
3598,1441,2024-02-16,3881.1,Credit Card,Cancelled
3599,1197,2023-12-23,3835.97,Bitcoin,Pending
3600,1882,2024-12-28,2072.96,Bitcoin,Completed
3601,1058,2024-02-09,2510.22,Credit Card,Completed
3602,1730,2024-12-17,3951.25,PayPal,Pending
3603,1163,2023-10-21,2999.17,Credit Card,Cancelled
3604,1554,2023-10-11,2444.56,PayPal,Cancelled
3605,1318,2024-03-30,4009.7,Credit Card,Pending
3606,1412,2024-11-04,2417.6,Bitcoin,Cancelled
3607,1251,2025-01-03,1330.07,Bank Transfer,Pending
3608,1357,2024-12-24,310.91,Bitcoin,Cancelled
3609,1228,2024-11-18,4102.04,PayPal,Cancelled
3610,1552,2024-08-09,3330.64,Bitcoin,Pending
3611,1068,2023-12-06,4502.47,Bitcoin,Completed
3612,1406,2024-01-21,506.23,Bank Transfer,Pending
3613,1276,2023-08-02,897.31,Credit Card,Cancelled
3614,1463,2024-04-25,2054.91,PayPal,Cancelled
3615,1013,2024-11-23,2768.57,Credit Card,Completed
3616,1230,2024-01-26,2205.99,Bank Transfer,Pending
3617,1078,2023-05-14,1966.27,Bank Transfer,Completed
3618,1223,2023-07-30,1472.63,PayPal,Cancelled
3619,1803,2023-07-29,1636.8,Credit Card,Completed
3620,1758,2023-05-29,3592.35,Bitcoin,Pending
3621,1539,2024-04-28,2589.89,PayPal,Completed
3622,1164,2023-06-19,4891.73,Credit Card,Completed
3623,1635,2023-05-10,3576.87,PayPal,Cancelled
3624,1064,2023-08-23,4954.02,Bank Transfer,Cancelled
3625,1504,2024-12-23,4672.91,Bank Transfer,Cancelled
3626,1113,2023-12-17,2825.78,Bank Transfer,Cancelled
3627,1534,2024-08-26,1935.77,Bank Transfer,Completed
3628,1484,2024-03-24,4125.72,Bank Transfer,Completed
3629,1649,2023-12-01,360.76,Bank Transfer,Completed
3630,1582,2024-05-09,2210.65,Credit Card,Completed
3631,1213,2023-07-22,1018.94,Bitcoin,Pending
3632,1684,2024-01-12,196.57,Credit Card,Cancelled
3633,1988,2023-10-22,3568.84,Credit Card,Completed
3634,1144,2024-07-29,2905.45,Bank Transfer,Pending
3635,1327,2024-08-20,449.08,Bitcoin,Pending
3636,1350,2023-02-13,1648.21,Credit Card,Cancelled
3637,1270,2023-02-13,2894.12,Bank Transfer,Pending
3638,1517,2024-05-28,2768.12,Bitcoin,Completed
3639,1114,2024-04-01,1187.77,Bank Transfer,Completed
3640,1577,2023-03-26,2929.58,PayPal,Cancelled
3641,1633,2024-06-15,1398.39,Bank Transfer,Pending
3642,1090,2023-08-29,4910.73,PayPal,Cancelled
3643,1034,2023-08-22,859.17,PayPal,Completed
3644,1614,2023-07-18,3806.8,Bitcoin,Completed
3645,1137,2023-11-23,2887.28,Bank Transfer,Pending
3646,1770,2024-12-31,3958.23,PayPal,Pending
3647,1904,2024-05-12,4011.19,Bitcoin,Pending
3648,1985,2023-02-04,4964.22,PayPal,Completed
3649,1361,2024-07-25,661.57,Bank Transfer,Cancelled
3650,1943,2024-07-09,2504.36,PayPal,Cancelled
3651,1267,2023-02-17,3846.78,Bitcoin,Cancelled
3652,1261,2024-01-07,4319.8,Credit Card,Completed
3653,1078,2024-07-09,320.93,PayPal,Pending
3654,1273,2023-05-30,2077.02,PayPal,Completed
3655,1722,2023-09-03,811.3,PayPal,Completed
3656,1377,2023-05-16,117.88,Credit Card,Pending
3657,1871,2023-12-24,4026.43,Bank Transfer,Pending
3658,1401,2023-02-13,318.72,Credit Card,Completed
3659,1663,2024-01-31,3566.24,Bank Transfer,Completed
3660,1028,2024-11-27,313.81,Bank Transfer,Completed
3661,1190,2025-01-15,3269.9,Credit Card,Cancelled
3662,1692,2024-02-02,4164.54,PayPal,Completed
3663,1245,2024-05-12,4647.97,Bank Transfer,Cancelled
3664,1819,2024-01-09,3822.81,Credit Card,Completed
3665,1787,2023-04-23,364.89,Bitcoin,Cancelled
3666,1120,2023-06-03,1035.04,Credit Card,Pending
3667,1150,2023-10-08,2100.15,PayPal,Cancelled
3668,1732,2023-12-04,2561.72,PayPal,Pending
3669,1330,2023-08-01,2070.52,Bitcoin,Completed
3670,1994,2024-01-24,1524.2,PayPal,Cancelled
3671,1321,2024-02-01,2058.32,Credit Card,Cancelled
3672,1966,2024-02-16,2648.11,Credit Card,Cancelled
3673,1855,2023-07-22,2418.73,Bitcoin,Completed
3674,1366,2023-07-20,4865.72,Bank Transfer,Cancelled
3675,1396,2024-06-06,1163.74,Credit Card,Pending
3676,1459,2023-04-12,3583.22,Bank Transfer,Cancelled
3677,1885,2024-01-24,3272.93,Credit Card,Pending
3678,1101,2023-06-03,2289.84,Bitcoin,Completed
3679,1248,2023-05-30,1366.91,Bank Transfer,Pending
3680,1104,2024-07-11,712.08,Bitcoin,Cancelled
3681,1117,2024-10-03,1643.03,PayPal,Completed
3682,1621,2024-06-13,611.35,Credit Card,Pending
3683,1453,2024-06-13,217.31,PayPal,Cancelled
3684,1272,2023-05-07,3634.01,Bank Transfer,Cancelled
3685,1448,2024-12-20,439.33,Bitcoin,Pending
3686,1099,2023-05-27,3180.03,Bank Transfer,Completed
3687,1486,2024-11-14,859.46,Bitcoin,Completed
3688,1906,2024-04-23,2369.04,Bank Transfer,Completed
3689,1650,2024-04-12,2710.63,Credit Card,Pending
3690,1042,2024-03-02,1558.89,PayPal,Completed
3691,1692,2024-06-13,458.31,Bitcoin,Completed
3692,1156,2024-07-12,235.49,Bank Transfer,Completed
3693,1365,2024-04-28,3773.05,PayPal,Completed
3694,1972,2023-02-26,4170.3,PayPal,Cancelled
3695,1856,2023-08-18,3181.87,Bitcoin,Cancelled
3696,1810,2024-04-14,4462.06,PayPal,Completed
3697,1222,2023-02-21,165.34,Credit Card,Completed
3698,1698,2023-12-22,731.48,Bank Transfer,Completed
3699,1364,2024-02-16,72.55,Bank Transfer,Pending
3700,1166,2024-12-19,2015.62,PayPal,Pending
3701,1682,2024-04-05,2429.37,Credit Card,Cancelled
3702,1997,2023-10-16,2498.37,Bitcoin,Cancelled
3703,1452,2024-11-09,2344.63,PayPal,Completed
3704,1889,2024-11-27,4492.78,PayPal,Completed
3705,1442,2023-05-21,1073.51,Credit Card,Cancelled
3706,1502,2024-02-11,1664.73,Bank Transfer,Cancelled
3707,1118,2024-09-28,718.84,Credit Card,Completed
3708,1388,2023-02-16,1867.15,PayPal,Completed
3709,1136,2024-07-06,2395.25,Bitcoin,Cancelled
3710,1759,2024-10-13,4299.12,Bank Transfer,Pending
3711,1955,2023-04-09,1507.65,Bitcoin,Cancelled
3712,1353,2023-12-18,1433.19,PayPal,Pending
3713,1307,2023-03-02,2725.52,Credit Card,Cancelled
3714,1282,2024-04-01,4472.1,PayPal,Cancelled
3715,1782,2025-01-07,2223.88,Bitcoin,Completed
3716,1437,2023-05-23,2390.71,Bitcoin,Pending
3717,1718,2024-04-07,3764.06,Bank Transfer,Completed
3718,1367,2025-01-29,1907.28,Bank Transfer,Completed
3719,1422,2025-01-23,4439.36,Bank Transfer,Completed
3720,1985,2024-09-04,1750.21,Bitcoin,Pending
3721,1106,2024-10-31,4000.53,Credit Card,Pending
3722,1967,2025-01-20,775.57,Bitcoin,Completed
3723,1834,2024-02-10,4298.49,Credit Card,Pending
3724,1308,2024-10-23,4547.66,PayPal,Completed
3725,1279,2023-06-08,3017.34,Credit Card,Cancelled
3726,1507,2024-09-30,4211.06,Bitcoin,Pending
3727,1370,2024-09-25,1152.44,Bank Transfer,Completed
3728,1264,2024-06-30,1854.87,PayPal,Completed
3729,1728,2023-06-10,2031.3,Bank Transfer,Completed
3730,1152,2023-02-03,2743.09,PayPal,Completed
3731,1087,2024-11-06,534.36,Credit Card,Pending
3732,1509,2023-04-29,1943.92,PayPal,Completed
3733,1911,2023-12-12,2215.5,PayPal,Pending
3734,1231,2023-05-20,194.94,PayPal,Cancelled
3735,1757,2024-08-21,2682.49,Bitcoin,Cancelled
3736,1767,2023-11-12,4993.56,PayPal,Completed
3737,1876,2023-04-08,2860.3,Bank Transfer,Pending
3738,1922,2024-09-19,291.1,PayPal,Cancelled
3739,1506,2023-10-20,2390.97,Credit Card,Cancelled
3740,1825,2023-07-31,4541.83,Credit Card,Cancelled
3741,1865,2024-10-11,1671.01,PayPal,Cancelled
3742,1728,2024-10-03,1082.49,Bitcoin,Cancelled
3743,1460,2024-06-27,4411.75,Bank Transfer,Cancelled
3744,1159,2024-02-06,4702.71,Bitcoin,Cancelled
3745,1653,2023-11-24,978.7,PayPal,Completed
3746,1630,2023-06-29,1147.19,Credit Card,Completed
3747,1285,2023-12-09,1687.94,Credit Card,Cancelled
3748,1306,2023-12-19,3363.94,Bitcoin,Pending
3749,1087,2024-08-01,1536.7,Bitcoin,Pending
3750,1483,2024-06-22,328.05,Credit Card,Cancelled
3751,1993,2024-12-08,3881.57,PayPal,Pending
3752,1251,2024-02-01,1798.94,Credit Card,Cancelled
3753,1595,2024-10-13,114.31,Bitcoin,Completed
3754,1070,2023-09-07,418.16,PayPal,Cancelled
3755,1207,2024-12-23,4764.69,Credit Card,Completed
3756,1413,2024-02-08,373.97,Bitcoin,Completed
3757,1012,2024-12-07,4411.59,Credit Card,Pending
3758,1681,2024-11-12,1368.25,Bank Transfer,Pending
3759,1558,2024-12-12,1095.52,Bitcoin,Completed
3760,1409,2024-06-19,4025.19,Credit Card,Cancelled
3761,1828,2023-03-17,4162.53,Credit Card,Pending
3762,1531,2024-06-26,4535.97,Bitcoin,Pending
3763,1010,2023-09-11,3284.32,Bitcoin,Pending
3764,1405,2023-08-29,63.72,Credit Card,Pending
3765,1707,2024-06-22,1432.36,PayPal,Completed
3766,1874,2024-03-28,224.44,PayPal,Pending
3767,1359,2024-07-11,875.33,PayPal,Pending
3768,1073,2023-04-15,2130.07,PayPal,Completed
3769,1746,2024-06-17,1418.01,Bitcoin,Completed
3770,1133,2023-10-05,1909.86,PayPal,Pending
3771,1113,2023-09-20,3401.51,Bitcoin,Pending
3772,1729,2024-03-23,661.88,PayPal,Pending
3773,1699,2024-04-07,1207.06,PayPal,Pending
3774,1430,2023-08-01,1248.6,Credit Card,Completed
3775,1407,2023-04-10,2944.96,Credit Card,Completed
3776,1793,2023-03-17,3080.36,Credit Card,Pending
3777,1933,2025-01-12,3159.71,PayPal,Pending
3778,1495,2024-10-21,2707.85,PayPal,Completed
3779,1255,2024-01-09,4130.43,Bank Transfer,Pending
3780,1381,2024-12-24,384.81,Credit Card,Completed
3781,1947,2023-09-30,3279.11,Bitcoin,Completed
3782,1610,2023-11-03,3487.72,Bitcoin,Pending
3783,1940,2024-03-09,3371.9,PayPal,Pending
3784,1065,2023-06-25,4964.37,PayPal,Completed
3785,1633,2025-01-15,630.27,PayPal,Cancelled
3786,1413,2024-09-11,4121.9,Credit Card,Completed
3787,1717,2024-07-28,2049.19,Credit Card,Cancelled
3788,1409,2024-08-27,3845.48,PayPal,Cancelled
3789,1968,2023-06-06,3169.99,Bitcoin,Pending
3790,1353,2024-08-20,2194.1,PayPal,Pending
3791,1633,2024-07-25,3212.82,Bitcoin,Pending
3792,1590,2023-11-07,642.23,Bitcoin,Completed
3793,1784,2024-03-16,2216.98,Bitcoin,Completed
3794,1430,2023-09-07,4703.78,PayPal,Completed
3795,1672,2023-06-21,2127.34,Bank Transfer,Pending
3796,1409,2023-04-21,2346.93,Credit Card,Pending
3797,1120,2023-02-21,1536.45,PayPal,Completed
3798,1763,2024-01-23,4678.53,Credit Card,Completed
3799,1616,2024-05-30,686.94,Bank Transfer,Cancelled
3800,1930,2023-04-18,845.75,PayPal,Pending
3801,1223,2023-11-11,4521.68,Credit Card,Cancelled
3802,1012,2023-09-16,4464.14,Bank Transfer,Cancelled
3803,1807,2024-11-27,2317.81,Bitcoin,Pending
3804,1031,2024-03-04,249.67,PayPal,Pending
3805,1688,2024-01-14,1091.17,Bitcoin,Pending
3806,1561,2023-04-14,2282.91,Bank Transfer,Cancelled
3807,1286,2024-11-16,189.1,Credit Card,Completed
3808,1761,2023-06-10,1887.68,Bank Transfer,Completed
3809,1187,2024-02-26,3171.01,Bitcoin,Pending
3810,1014,2024-06-23,4755.88,Bank Transfer,Cancelled
3811,1506,2023-07-09,1595.35,Credit Card,Completed
3812,1482,2023-07-19,2251.81,Bank Transfer,Pending
3813,1998,2023-09-22,4778.28,Credit Card,Completed
3814,1561,2023-05-01,324.02,Bank Transfer,Completed
3815,1132,2023-02-19,4650.51,PayPal,Pending
3816,1042,2024-08-31,223.21,Bank Transfer,Completed
3817,1382,2024-05-16,4094.23,Bitcoin,Pending
3818,1173,2023-05-04,2691.06,Credit Card,Cancelled
3819,1227,2023-03-18,3880.17,Bank Transfer,Cancelled
3820,1868,2024-08-07,288.59,Credit Card,Completed
3821,1371,2024-03-04,2598.52,PayPal,Cancelled
3822,1917,2024-10-18,1388.31,Bitcoin,Cancelled
3823,1116,2023-11-14,4603.73,Bank Transfer,Completed
3824,1956,2023-06-11,3897.49,Bitcoin,Pending
3825,1990,2023-11-11,3348.18,Bank Transfer,Pending
3826,1966,2024-12-16,1238.98,Bank Transfer,Completed
3827,1557,2024-08-13,2410.64,Bank Transfer,Cancelled
3828,1755,2024-02-06,3083.59,PayPal,Cancelled
3829,1898,2023-02-14,2929.06,Credit Card,Cancelled
3830,1105,2023-08-01,1912.85,Bank Transfer,Completed
3831,1555,2024-04-23,1831.3,Bank Transfer,Cancelled
3832,1749,2024-04-14,3917.54,PayPal,Completed
3833,1667,2023-08-08,2724.97,Bank Transfer,Pending
3834,1617,2025-01-19,3878.29,Credit Card,Completed
3835,1155,2024-10-12,4504.42,Bitcoin,Pending
3836,1191,2023-04-04,187.51,Bank Transfer,Cancelled
3837,1627,2024-01-22,4471.59,Bank Transfer,Pending
3838,1220,2023-11-16,4032.6,Credit Card,Cancelled
3839,1374,2024-09-28,563.38,Bank Transfer,Completed
3840,1386,2023-02-04,270.56,Bank Transfer,Cancelled
3841,1152,2024-07-30,4298.88,PayPal,Completed
3842,1870,2023-05-26,2788.13,Bitcoin,Pending
3843,1185,2024-06-04,2978.54,Credit Card,Cancelled
3844,1084,2024-11-13,57.86,Bank Transfer,Cancelled
3845,1090,2024-08-08,4851.25,Credit Card,Completed
3846,1476,2024-02-20,475.2,Bank Transfer,Pending
3847,1243,2024-02-01,1282.5,Bank Transfer,Completed
3848,1735,2024-04-22,1230.95,Bank Transfer,Pending
3849,1784,2024-12-31,2764.48,Bitcoin,Pending
3850,1965,2023-07-10,4407.46,Bank Transfer,Cancelled
3851,1218,2023-06-17,4304.68,Bitcoin,Cancelled
3852,1495,2023-09-26,1042.97,Bank Transfer,Cancelled
3853,1612,2024-10-20,4312.75,Bank Transfer,Completed
3854,1728,2023-05-10,2787.38,Bank Transfer,Cancelled
3855,1867,2025-01-03,1334.21,Bank Transfer,Pending
3856,1951,2023-06-04,3682.99,Bitcoin,Pending
3857,1518,2023-02-10,1405.14,Bank Transfer,Cancelled
3858,1400,2023-06-07,1420.54,Bank Transfer,Completed
3859,1342,2023-06-22,4604.7,Bank Transfer,Completed
3860,1531,2024-11-20,3255.15,Credit Card,Pending
3861,1922,2024-09-11,2029.98,Bitcoin,Completed
3862,1007,2024-05-20,2276.82,Credit Card,Cancelled
3863,1740,2023-12-15,1986.23,Bank Transfer,Pending
3864,1532,2024-10-08,499.67,Bitcoin,Completed
3865,1992,2024-09-01,4487.01,PayPal,Pending
3866,1061,2023-12-05,4455.21,Credit Card,Completed
3867,1503,2023-03-10,1119.44,Bank Transfer,Cancelled
3868,1218,2024-07-23,191.59,Bank Transfer,Cancelled
3869,1187,2024-04-06,170.86,PayPal,Completed
3870,1221,2024-08-23,3713.41,Bitcoin,Cancelled
3871,1390,2024-08-03,189.92,Bitcoin,Completed
3872,1198,2023-05-29,886.59,Bank Transfer,Cancelled
3873,1453,2023-10-04,2415.86,Credit Card,Pending
3874,1422,2023-11-14,3422.02,Credit Card,Completed
3875,1996,2023-06-29,4468.12,Bitcoin,Pending
3876,1102,2023-10-03,693.52,Credit Card,Completed
3877,1857,2023-10-12,1801.43,Bank Transfer,Cancelled
3878,1555,2024-01-05,2302.85,Bitcoin,Pending
3879,1237,2023-05-28,908.39,Bitcoin,Cancelled
3880,1336,2025-01-12,872.51,Credit Card,Pending
3881,1243,2024-09-14,2429.79,PayPal,Cancelled
3882,1909,2024-07-14,2223.31,Credit Card,Completed
3883,1228,2024-03-10,4336.11,PayPal,Completed
3884,1698,2024-08-02,3318.36,PayPal,Completed
3885,1326,2023-02-27,2192.32,PayPal,Cancelled
3886,1519,2024-02-07,126.85,Credit Card,Completed
3887,1087,2023-06-01,820.27,Bank Transfer,Completed
3888,1033,2024-06-26,2129.8,Credit Card,Completed
3889,1907,2024-02-24,3443.13,Credit Card,Cancelled
3890,1274,2024-05-17,3733.87,Bank Transfer,Pending
3891,1816,2023-05-09,3962.09,Bitcoin,Pending
3892,1204,2024-07-28,906.41,Credit Card,Pending
3893,1382,2023-07-28,4170.97,Credit Card,Cancelled
3894,1364,2023-06-18,4145.56,Bitcoin,Cancelled
3895,1856,2024-11-23,2381.52,PayPal,Pending
3896,1552,2023-06-11,1638.94,Bitcoin,Cancelled
3897,1675,2024-06-11,494.76,Bitcoin,Completed
3898,1404,2024-05-18,444.68,Bank Transfer,Cancelled
3899,1307,2024-07-21,417.79,Credit Card,Completed
3900,1126,2023-09-25,665.08,Bitcoin,Pending
3901,1284,2024-06-21,1755.48,Bank Transfer,Cancelled
3902,1007,2025-01-05,531.97,Bitcoin,Completed
3903,1835,2024-09-27,3307.32,Bank Transfer,Cancelled
3904,1901,2023-05-30,1421.37,PayPal,Completed
3905,1318,2024-01-09,1274.79,Credit Card,Completed
3906,1303,2023-06-12,1672.82,Bank Transfer,Cancelled
3907,1878,2023-10-12,3876.38,Bank Transfer,Pending
3908,1989,2025-01-06,183.49,Credit Card,Cancelled
3909,1080,2025-01-18,1370.45,Credit Card,Pending
3910,1756,2023-12-01,3493.87,Bitcoin,Pending
3911,1176,2024-05-02,3401.21,Bank Transfer,Cancelled
3912,1583,2023-10-11,4877.08,Bitcoin,Completed
3913,1275,2024-08-06,266.07,Bank Transfer,Cancelled
3914,1475,2023-02-10,3413.78,Bitcoin,Completed
3915,1513,2024-02-05,138.78,Credit Card,Cancelled
3916,1984,2024-02-10,746.73,Bitcoin,Pending
3917,1044,2024-12-20,2855.26,PayPal,Completed
3918,1423,2023-11-11,3789.6,Bitcoin,Cancelled
3919,1304,2023-11-19,4255.27,Credit Card,Completed
3920,1960,2023-02-03,3519.49,PayPal,Completed
3921,1420,2024-02-04,2664.59,Bitcoin,Pending
3922,1182,2023-12-03,2373.23,PayPal,Pending
3923,1524,2024-11-13,4993.88,Bitcoin,Pending
3924,1670,2023-08-25,4102.67,PayPal,Pending
3925,1491,2024-08-15,3316.57,Credit Card,Completed
3926,1815,2024-07-06,619.24,Bank Transfer,Completed
3927,1845,2024-06-27,4114.61,Credit Card,Pending
3928,1539,2024-04-23,2305.39,PayPal,Completed
3929,1773,2023-10-13,1485.47,PayPal,Pending
3930,1495,2024-04-09,4418.73,Bank Transfer,Completed
3931,1574,2024-03-21,3874.7,Bank Transfer,Cancelled
3932,1543,2024-02-20,529.01,Bank Transfer,Completed
3933,1937,2023-06-13,572.35,Bank Transfer,Cancelled
3934,1247,2024-05-12,4668.47,PayPal,Cancelled
3935,1941,2023-08-02,1619.97,Bank Transfer,Pending
3936,1867,2024-10-22,3919.07,Bank Transfer,Pending
3937,1282,2024-06-15,4516.82,Credit Card,Completed
3938,1419,2024-03-03,2911.79,Bank Transfer,Completed
3939,1037,2023-11-13,2203.21,Bitcoin,Completed
3940,1898,2024-11-22,2424.78,Bank Transfer,Cancelled
3941,1827,2023-09-13,3707.99,Bank Transfer,Cancelled
3942,1600,2024-07-17,1539.62,Bank Transfer,Pending
3943,1770,2023-02-12,1753.12,Bank Transfer,Cancelled
3944,1606,2024-07-31,349.27,Bitcoin,Cancelled
3945,1703,2023-07-26,2331.19,Bitcoin,Completed
3946,1573,2024-09-11,4297.39,PayPal,Cancelled
3947,1267,2023-07-22,2489.37,Bitcoin,Pending
3948,1289,2023-07-20,1029.99,Bitcoin,Pending
3949,1764,2024-12-29,961.59,PayPal,Completed
3950,1227,2024-08-29,1356.11,PayPal,Cancelled
3951,1816,2023-11-28,3112.49,Bank Transfer,Pending
3952,1163,2023-11-01,467.83,Credit Card,Pending
3953,1725,2024-10-06,1566.33,Bank Transfer,Pending
3954,1953,2024-10-24,1971.93,Credit Card,Pending
3955,1278,2024-06-23,1193.68,Bitcoin,Pending
3956,1331,2023-09-17,995.77,Credit Card,Pending
3957,1201,2024-10-23,645.79,Credit Card,Completed
3958,1088,2023-09-09,3121.52,Credit Card,Cancelled
3959,1378,2023-06-03,799.11,Bitcoin,Cancelled
3960,1756,2024-03-15,737.13,Credit Card,Pending
3961,1215,2024-06-19,557.32,Bitcoin,Completed
3962,1670,2024-08-11,2322.84,PayPal,Cancelled
3963,1607,2024-11-06,3659.36,Bank Transfer,Pending
3964,1332,2024-04-25,3622.04,Bitcoin,Cancelled
3965,1853,2024-01-14,3732.1,Bitcoin,Cancelled
3966,1123,2023-09-03,241.62,PayPal,Cancelled
3967,1220,2023-09-13,3686.76,PayPal,Pending
3968,1524,2023-10-11,2891.62,PayPal,Pending
3969,1461,2024-03-01,3016.7,PayPal,Completed
3970,1120,2024-04-21,589.72,PayPal,Completed
3971,1984,2024-05-03,1585.95,Bitcoin,Cancelled
3972,1426,2024-07-12,4979.33,Bitcoin,Cancelled
3973,1530,2023-07-16,1368.12,PayPal,Cancelled
3974,1494,2024-12-15,2455.91,Credit Card,Completed
3975,1895,2023-02-05,4006.58,Bitcoin,Completed
3976,1499,2024-06-09,4320.61,PayPal,Pending
3977,1568,2024-03-19,4835.92,Credit Card,Completed
3978,1473,2025-01-24,369.29,PayPal,Pending
3979,1193,2024-09-15,3861.34,Bitcoin,Cancelled
3980,1045,2024-12-31,2642.94,Bank Transfer,Completed
3981,1443,2025-01-13,4953.17,Bitcoin,Cancelled
3982,1906,2024-05-18,788.85,PayPal,Completed
3983,1567,2023-09-11,2562.03,Bitcoin,Cancelled
3984,1570,2024-07-27,1288.29,Bitcoin,Cancelled
3985,1358,2023-02-24,1330.71,Bank Transfer,Cancelled
3986,1807,2025-01-25,3380.71,Credit Card,Cancelled
3987,1301,2024-08-02,1860.96,Bank Transfer,Pending
3988,1109,2023-03-26,4591.95,PayPal,Pending
3989,1283,2024-10-13,2418.78,Credit Card,Pending
3990,1202,2024-06-27,263.24,Bank Transfer,Pending
3991,1723,2024-12-02,3438.21,Bank Transfer,Pending
3992,1804,2023-02-13,146.87,Credit Card,Cancelled
3993,1537,2023-10-16,4645.97,Credit Card,Cancelled
3994,1080,2024-05-01,3264.66,PayPal,Pending
3995,1222,2023-10-14,2453.44,Bitcoin,Cancelled
3996,1454,2024-10-27,215.58,Bitcoin,Pending
3997,1365,2023-11-18,567.09,Credit Card,Pending
3998,1438,2025-01-28,451.49,PayPal,Cancelled
3999,1373,2023-10-19,4087.38,PayPal,Cancelled
4000,1993,2024-04-22,3629.73,PayPal,Cancelled
