product_id,product_name,category,brand,price,stock_quantity
2001,Asus Laptop Model-860,Laptop,Asus,701.76,17
2002,HP Laptop Model-272,Laptop,HP,1870.28,302
2003,Seagate Storage Model-449,Storage,Seagate,1934.51,360
2004,Razer Accessories Model-449,Accessories,Razer,533.89,316
2005,Samsung Storage Model-708,Storage,Samsung,594.6,214
2006,Asus Laptop Model-369,Laptop,Asus,830.32,87
2007,SteelSeries Accessories Model-414,Accessories,SteelSeries,1496.88,187
2008,HP Laptop Model-172,Laptop,HP,634.65,427
2009,SteelSeries Accessories Model-813,Accessories,SteelSeries,2129.34,355
2010,Asus Laptop Model-329,Laptop,Asus,635.02,166
2011,Corsair Accessories Model-105,Accessories,Corsair,315.04,165
2012,Razer Accessories Model-531,Accessories,Razer,1538.78,421
2013,Logitech Accessories Model-266,Accessories,Logitech,803.65,76
2014,BenQ Monitor Model-889,Monitor,BenQ,371.95,482
2015,Seagate Storage Model-221,Storage,Seagate,1393.02,150
2016,Samsung Monitor Model-464,Monitor,Samsung,1933.4,315
2017,Corsair Accessories Model-770,Accessories,Corsair,2086.16,396
2018,SteelSeries Accessories Model-825,Accessories,SteelSeries,232.96,381
2019,HP Laptop Model-661,Laptop,HP,2076.87,278
2020,Dell Laptop Model-764,Laptop,Dell,2352.85,24
2021,Crucial Storage Model-609,Storage,Crucial,260.59,371
2022,Lenovo Laptop Model-963,Laptop,Lenovo,853.66,319
2023,LG Monitor Model-578,Monitor,LG,1207.98,314
2024,Crucial Storage Model-966,Storage,Crucial,973.84,121
2025,Samsung Storage Model-392,Storage,Samsung,1029.85,274
2026,LG Monitor Model-222,Monitor,LG,1119.78,381
2027,Samsung Monitor Model-165,Monitor,Samsung,1987.99,229
2028,Seagate Storage Model-985,Storage,Seagate,742.56,109
2029,Samsung Storage Model-189,Storage,Samsung,2214.11,246
2030,Western Digital Storage Model-637,Storage,Western Digital,854.43,378
2031,Samsung Monitor Model-898,Monitor,Samsung,2376.29,39
2032,LG Monitor Model-779,Monitor,LG,363.06,130
2033,Samsung Storage Model-283,Storage,Samsung,829.11,397
2034,Seagate Storage Model-128,Storage,Seagate,1648.82,258
2035,Apple Laptop Model-631,Laptop,Apple,1142.53,423
2036,Seagate Storage Model-298,Storage,Seagate,1715.43,390
2037,Samsung Monitor Model-472,Monitor,Samsung,2019.55,238
2038,BenQ Monitor Model-850,Monitor,BenQ,1836.31,392
2039,Samsung Monitor Model-568,Monitor,Samsung,1284.14,452
2040,Apple Laptop Model-998,Laptop,Apple,1655.45,358
2041,Lenovo Laptop Model-338,Laptop,Lenovo,1437.94,266
2042,LG Monitor Model-176,Monitor,LG,160.13,43
2043,Razer Accessories Model-269,Accessories,Razer,1310.38,119
2044,Razer Accessories Model-764,Accessories,Razer,2189.95,16
2045,LG Monitor Model-586,Monitor,LG,1151.34,310
2046,Dell Monitor Model-100,Monitor,Dell,621.02,92
2047,Samsung Monitor Model-270,Monitor,Samsung,2032.68,44
2048,LG Monitor Model-314,Monitor,LG,587.51,412
2049,Apple Laptop Model-665,Laptop,Apple,1288.41,385
2050,Dell Monitor Model-535,Monitor,Dell,2326.12,251
2051,BenQ Monitor Model-411,Monitor,BenQ,666.99,190
2052,BenQ Monitor Model-470,Monitor,BenQ,1526.93,169
2053,Crucial Storage Model-667,Storage,Crucial,910.17,277
2054,Western Digital Storage Model-696,Storage,Western Digital,485.91,436
2055,Lenovo Laptop Model-603,Laptop,Lenovo,1737.33,58
2056,Crucial Storage Model-368,Storage,Crucial,1126.56,424
2057,Samsung Storage Model-552,Storage,Samsung,838.09,320
2058,Samsung Monitor Model-344,Monitor,Samsung,1318.13,180
2059,Corsair Accessories Model-259,Accessories,Corsair,2127.12,377
2060,HP Laptop Model-572,Laptop,HP,2203.56,41
2061,BenQ Monitor Model-262,Monitor,BenQ,1322.94,312
2062,BenQ Monitor Model-701,Monitor,BenQ,1544.9,441
2063,LG Monitor Model-340,Monitor,LG,1924.49,96
2064,Samsung Monitor Model-432,Monitor,Samsung,465.42,444
2065,Dell Laptop Model-692,Laptop,Dell,2297.49,141
2066,LG Monitor Model-716,Monitor,LG,1624.05,311
2067,Crucial Storage Model-765,Storage,Crucial,1147.43,83
2068,SteelSeries Accessories Model-404,Accessories,SteelSeries,2383.52,188
2069,Corsair Accessories Model-818,Accessories,Corsair,451.26,104
2070,Dell Laptop Model-389,Laptop,Dell,548.06,490
2071,Apple Laptop Model-310,Laptop,Apple,1078.93,384
2072,Seagate Storage Model-730,Storage,Seagate,2187.45,190
2073,Asus Laptop Model-908,Laptop,Asus,869.63,94
2074,Logitech Accessories Model-889,Accessories,Logitech,785.07,247
2075,Samsung Storage Model-808,Storage,Samsung,784.38,151
2076,Western Digital Storage Model-412,Storage,Western Digital,1477.47,147
2077,Dell Laptop Model-486,Laptop,Dell,772.24,24
2078,Apple Laptop Model-250,Laptop,Apple,202.44,22
2079,Lenovo Laptop Model-204,Laptop,Lenovo,1013.21,76
2080,Logitech Accessories Model-645,Accessories,Logitech,1390.97,345
2081,Razer Accessories Model-479,Accessories,Razer,699.21,447
2082,Logitech Accessories Model-289,Accessories,Logitech,2476.71,16
2083,BenQ Monitor Model-571,Monitor,BenQ,1650.26,133
2084,Crucial Storage Model-573,Storage,Crucial,833.87,149
2085,Seagate Storage Model-438,Storage,Seagate,759.21,348
2086,Apple Laptop Model-763,Laptop,Apple,894.99,35
2087,Samsung Monitor Model-748,Monitor,Samsung,2304.14,61
2088,Dell Laptop Model-337,Laptop,Dell,674.16,82
2089,Lenovo Laptop Model-271,Laptop,Lenovo,2226.67,102
2090,Dell Monitor Model-722,Monitor,Dell,1772.44,322
2091,Apple Laptop Model-127,Laptop,Apple,389.46,433
2092,Asus Laptop Model-421,Laptop,Asus,1129.95,404
2093,SteelSeries Accessories Model-427,Accessories,SteelSeries,586.54,178
2094,BenQ Monitor Model-983,Monitor,BenQ,326.1,199
2095,Crucial Storage Model-646,Storage,Crucial,2084.15,195
2096,Dell Monitor Model-295,Monitor,Dell,946.55,329
2097,Samsung Storage Model-227,Storage,Samsung,901.64,139
2098,SteelSeries Accessories Model-548,Accessories,SteelSeries,1990.32,205
2099,Logitech Accessories Model-656,Accessories,Logitech,281.0,422
2100,Apple Laptop Model-691,Laptop,Apple,408.58,43
2101,SteelSeries Accessories Model-284,Accessories,SteelSeries,383.05,303
2102,SteelSeries Accessories Model-686,Accessories,SteelSeries,723.18,183
2103,Logitech Accessories Model-638,Accessories,Logitech,900.62,31
2104,Dell Monitor Model-959,Monitor,Dell,1386.48,357
2105,Samsung Storage Model-155,Storage,Samsung,1789.77,423
2106,Dell Monitor Model-558,Monitor,Dell,2070.03,460
2107,Samsung Storage Model-697,Storage,Samsung,1981.07,297
2108,Apple Laptop Model-464,Laptop,Apple,1530.1,36
2109,Western Digital Storage Model-902,Storage,Western Digital,1598.2,443
2110,Corsair Accessories Model-260,Accessories,Corsair,1252.71,272
2111,Lenovo Laptop Model-746,Laptop,Lenovo,166.05,114
2112,Apple Laptop Model-847,Laptop,Apple,2219.65,419
2113,HP Laptop Model-147,Laptop,HP,361.94,450
2114,Dell Laptop Model-964,Laptop,Dell,275.3,500
2115,Dell Monitor Model-214,Monitor,Dell,2273.03,409
2116,SteelSeries Accessories Model-811,Accessories,SteelSeries,2086.94,444
2117,Crucial Storage Model-907,Storage,Crucial,336.59,29
2118,Lenovo Laptop Model-704,Laptop,Lenovo,1842.83,173
2119,BenQ Monitor Model-769,Monitor,BenQ,2357.1,483
2120,Razer Accessories Model-868,Accessories,Razer,1521.21,28
2121,LG Monitor Model-292,Monitor,LG,144.05,94
2122,Apple Laptop Model-504,Laptop,Apple,1956.66,61
2123,HP Laptop Model-298,Laptop,HP,574.24,223
2124,Seagate Storage Model-322,Storage,Seagate,82.64,291
2125,Corsair Accessories Model-260,Accessories,Corsair,2396.48,275
2126,Samsung Storage Model-944,Storage,Samsung,554.91,171
2127,Seagate Storage Model-546,Storage,Seagate,2004.74,334
2128,Crucial Storage Model-908,Storage,Crucial,1302.39,87
2129,Western Digital Storage Model-550,Storage,Western Digital,1585.82,123
2130,Asus Laptop Model-962,Laptop,Asus,768.14,100
2131,Samsung Monitor Model-388,Monitor,Samsung,1352.27,250
2132,Seagate Storage Model-392,Storage,Seagate,1194.8,36
2133,Seagate Storage Model-666,Storage,Seagate,1148.03,318
2134,Lenovo Laptop Model-198,Laptop,Lenovo,2475.22,472
2135,Seagate Storage Model-331,Storage,Seagate,293.62,146
2136,Corsair Accessories Model-636,Accessories,Corsair,365.74,383
2137,LG Monitor Model-746,Monitor,LG,1637.11,80
2138,Asus Laptop Model-496,Laptop,Asus,873.94,160
2139,Apple Laptop Model-790,Laptop,Apple,1371.62,127
2140,Asus Laptop Model-393,Laptop,Asus,1334.4,222
2141,Samsung Monitor Model-720,Monitor,Samsung,2425.4,453
2142,LG Monitor Model-344,Monitor,LG,2364.79,490
2143,Corsair Accessories Model-851,Accessories,Corsair,2458.78,80
2144,Razer Accessories Model-223,Accessories,Razer,1411.94,197
2145,Razer Accessories Model-155,Accessories,Razer,1427.8,180
2146,Asus Laptop Model-265,Laptop,Asus,1898.82,438
2147,Samsung Monitor Model-255,Monitor,Samsung,974.5,195
2148,Samsung Storage Model-626,Storage,Samsung,300.95,72
2149,Western Digital Storage Model-408,Storage,Western Digital,449.02,139
2150,Crucial Storage Model-871,Storage,Crucial,2102.02,332
2151,Crucial Storage Model-305,Storage,Crucial,1198.89,152
2152,SteelSeries Accessories Model-568,Accessories,SteelSeries,104.73,96
2153,SteelSeries Accessories Model-225,Accessories,SteelSeries,966.58,488
2154,Seagate Storage Model-102,Storage,Seagate,476.91,400
2155,BenQ Monitor Model-673,Monitor,BenQ,1944.64,48
2156,Western Digital Storage Model-145,Storage,Western Digital,1068.16,120
2157,Logitech Accessories Model-968,Accessories,Logitech,1425.3,11
2158,Asus Laptop Model-112,Laptop,Asus,1378.79,196
2159,Crucial Storage Model-682,Storage,Crucial,1682.66,401
2160,Western Digital Storage Model-575,Storage,Western Digital,1717.05,179
2161,Samsung Storage Model-955,Storage,Samsung,2218.75,420
2162,Dell Monitor Model-698,Monitor,Dell,2191.19,76
2163,Samsung Storage Model-253,Storage,Samsung,1945.23,498
2164,HP Laptop Model-653,Laptop,HP,840.87,406
2165,Logitech Accessories Model-403,Accessories,Logitech,1134.79,62
2166,Apple Laptop Model-178,Laptop,Apple,1324.76,36
2167,Asus Laptop Model-931,Laptop,Asus,1011.49,408
2168,Lenovo Laptop Model-272,Laptop,Lenovo,915.39,73
2169,Asus Laptop Model-157,Laptop,Asus,1167.75,327
2170,HP Laptop Model-409,Laptop,HP,696.15,14
2171,Apple Laptop Model-402,Laptop,Apple,438.68,488
2172,Lenovo Laptop Model-515,Laptop,Lenovo,2081.02,447
2173,BenQ Monitor Model-602,Monitor,BenQ,2250.51,198
2174,LG Monitor Model-943,Monitor,LG,1361.84,245
2175,Seagate Storage Model-205,Storage,Seagate,1622.73,395
2176,SteelSeries Accessories Model-855,Accessories,SteelSeries,2314.53,427
2177,Samsung Monitor Model-401,Monitor,Samsung,1698.24,475
2178,Dell Monitor Model-999,Monitor,Dell,612.4,53
2179,Corsair Accessories Model-111,Accessories,Corsair,653.94,262
2180,Dell Monitor Model-372,Monitor,Dell,50.41,295
2181,Samsung Storage Model-585,Storage,Samsung,2401.07,45
2182,Samsung Monitor Model-711,Monitor,Samsung,1580.69,322
2183,Razer Accessories Model-512,Accessories,Razer,2213.95,270
2184,Crucial Storage Model-685,Storage,Crucial,1730.87,349
2185,Asus Laptop Model-146,Laptop,Asus,1911.72,82
2186,BenQ Monitor Model-381,Monitor,BenQ,549.41,396
2187,Asus Laptop Model-731,Laptop,Asus,71.05,156
2188,Seagate Storage Model-264,Storage,Seagate,1961.07,196
2189,SteelSeries Accessories Model-242,Accessories,SteelSeries,1729.54,95
2190,Crucial Storage Model-536,Storage,Crucial,765.35,377
2191,BenQ Monitor Model-381,Monitor,BenQ,2361.36,79
2192,Corsair Accessories Model-489,Accessories,Corsair,2110.04,290
2193,Corsair Accessories Model-529,Accessories,Corsair,2417.85,409
2194,Dell Laptop Model-915,Laptop,Dell,268.38,240
2195,Samsung Monitor Model-432,Monitor,Samsung,2167.72,245
2196,Seagate Storage Model-888,Storage,Seagate,616.04,169
2197,Logitech Accessories Model-146,Accessories,Logitech,1858.34,68
2198,Western Digital Storage Model-169,Storage,Western Digital,1921.45,338
2199,Dell Laptop Model-189,Laptop,Dell,304.27,354
2200,Logitech Accessories Model-747,Accessories,Logitech,947.12,78
2201,Lenovo Laptop Model-855,Laptop,Lenovo,985.26,169
2202,Dell Laptop Model-871,Laptop,Dell,2150.09,295
2203,Asus Laptop Model-790,Laptop,Asus,1812.16,320
2204,Samsung Monitor Model-197,Monitor,Samsung,1461.73,206
2205,Asus Laptop Model-248,Laptop,Asus,1167.66,407
2206,Samsung Storage Model-228,Storage,Samsung,901.9,344
2207,Western Digital Storage Model-293,Storage,Western Digital,571.71,89
2208,SteelSeries Accessories Model-297,Accessories,SteelSeries,1765.37,474
2209,Seagate Storage Model-965,Storage,Seagate,186.52,326
2210,Logitech Accessories Model-287,Accessories,Logitech,751.13,373
2211,Corsair Accessories Model-719,Accessories,Corsair,2471.41,466
2212,Samsung Storage Model-714,Storage,Samsung,2384.27,62
2213,Western Digital Storage Model-779,Storage,Western Digital,975.0,303
2214,Crucial Storage Model-122,Storage,Crucial,161.41,412
2215,Samsung Monitor Model-805,Monitor,Samsung,2300.26,238
2216,Dell Monitor Model-878,Monitor,Dell,2198.13,119
2217,Dell Monitor Model-112,Monitor,Dell,2053.58,304
2218,Samsung Storage Model-406,Storage,Samsung,2175.73,227
2219,Samsung Storage Model-774,Storage,Samsung,1403.15,223
2220,HP Laptop Model-374,Laptop,HP,2208.11,342
2221,Dell Monitor Model-990,Monitor,Dell,113.33,392
2222,Samsung Storage Model-116,Storage,Samsung,530.27,374
2223,Asus Laptop Model-311,Laptop,Asus,2109.07,470
2224,Dell Monitor Model-823,Monitor,Dell,1436.26,126
2225,BenQ Monitor Model-304,Monitor,BenQ,1770.84,114
2226,Razer Accessories Model-425,Accessories,Razer,1910.54,30
2227,Dell Laptop Model-239,Laptop,Dell,1597.24,472
2228,Samsung Monitor Model-983,Monitor,Samsung,898.58,423
2229,Samsung Monitor Model-597,Monitor,Samsung,2172.22,311
2230,HP Laptop Model-218,Laptop,HP,2100.62,401
2231,SteelSeries Accessories Model-684,Accessories,SteelSeries,1495.71,112
2232,Asus Laptop Model-657,Laptop,Asus,1519.12,121
2233,Corsair Accessories Model-398,Accessories,Corsair,1088.07,336
2234,Asus Laptop Model-802,Laptop,Asus,837.22,178
2235,Razer Accessories Model-800,Accessories,Razer,449.02,79
2236,BenQ Monitor Model-498,Monitor,BenQ,559.86,378
2237,Logitech Accessories Model-820,Accessories,Logitech,1222.69,264
2238,Apple Laptop Model-425,Laptop,Apple,505.32,475
2239,Razer Accessories Model-838,Accessories,Razer,1615.4,444
2240,Lenovo Laptop Model-538,Laptop,Lenovo,820.03,397
2241,Apple Laptop Model-806,Laptop,Apple,308.36,402
2242,Seagate Storage Model-864,Storage,Seagate,598.63,415
2243,Apple Laptop Model-821,Laptop,Apple,604.21,371
2244,Dell Monitor Model-403,Monitor,Dell,2091.6,417
2245,Samsung Storage Model-646,Storage,Samsung,1666.79,132
2246,Dell Monitor Model-746,Monitor,Dell,702.83,192
2247,HP Laptop Model-856,Laptop,HP,1748.48,103
2248,SteelSeries Accessories Model-843,Accessories,SteelSeries,325.62,411
2249,Samsung Monitor Model-551,Monitor,Samsung,459.43,85
2250,Razer Accessories Model-324,Accessories,Razer,1492.16,318
2251,Samsung Monitor Model-466,Monitor,Samsung,2106.18,185
2252,Seagate Storage Model-206,Storage,Seagate,2121.84,195
2253,Asus Laptop Model-306,Laptop,Asus,2167.43,350
2254,Samsung Monitor Model-911,Monitor,Samsung,1738.64,304
2255,Crucial Storage Model-773,Storage,Crucial,663.06,112
2256,Dell Monitor Model-976,Monitor,Dell,1702.63,368
2257,SteelSeries Accessories Model-584,Accessories,SteelSeries,331.33,446
2258,Asus Laptop Model-129,Laptop,Asus,456.43,54
2259,Apple Laptop Model-885,Laptop,Apple,1106.1,340
2260,Samsung Monitor Model-463,Monitor,Samsung,401.78,398
2261,Logitech Accessories Model-550,Accessories,Logitech,1718.72,448
2262,LG Monitor Model-275,Monitor,LG,2028.18,30
2263,Samsung Storage Model-972,Storage,Samsung,1836.92,435
2264,Samsung Monitor Model-443,Monitor,Samsung,1208.49,68
2265,Samsung Storage Model-205,Storage,Samsung,2473.11,152
2266,Samsung Monitor Model-196,Monitor,Samsung,256.42,228
2267,HP Laptop Model-390,Laptop,HP,2428.88,57
2268,Apple Laptop Model-431,Laptop,Apple,1702.11,54
2269,LG Monitor Model-893,Monitor,LG,1015.69,172
2270,BenQ Monitor Model-594,Monitor,BenQ,1062.71,13
2271,Samsung Storage Model-807,Storage,Samsung,1058.76,107
2272,Corsair Accessories Model-801,Accessories,Corsair,660.3,425
2273,Logitech Accessories Model-730,Accessories,Logitech,1377.87,456
2274,BenQ Monitor Model-236,Monitor,BenQ,2337.84,283
2275,Logitech Accessories Model-764,Accessories,Logitech,2085.97,205
2276,Seagate Storage Model-735,Storage,Seagate,2061.85,134
2277,Samsung Storage Model-392,Storage,Samsung,1417.48,398
2278,Logitech Accessories Model-835,Accessories,Logitech,669.9,332
2279,Apple Laptop Model-266,Laptop,Apple,2375.94,370
2280,Western Digital Storage Model-974,Storage,Western Digital,2374.03,325
2281,Corsair Accessories Model-616,Accessories,Corsair,1080.96,457
2282,Corsair Accessories Model-929,Accessories,Corsair,899.44,394
2283,BenQ Monitor Model-712,Monitor,BenQ,1237.27,419
2284,Dell Monitor Model-619,Monitor,Dell,2149.44,115
2285,SteelSeries Accessories Model-492,Accessories,SteelSeries,933.42,97
2286,SteelSeries Accessories Model-466,Accessories,SteelSeries,1643.4,291
2287,Razer Accessories Model-246,Accessories,Razer,1768.42,401
2288,Samsung Monitor Model-857,Monitor,Samsung,482.44,150
2289,Western Digital Storage Model-597,Storage,Western Digital,1766.23,100
2290,Lenovo Laptop Model-446,Laptop,Lenovo,2320.69,214
2291,Samsung Storage Model-757,Storage,Samsung,1852.75,242
2292,Seagate Storage Model-752,Storage,Seagate,1857.06,97
2293,Lenovo Laptop Model-247,Laptop,Lenovo,1251.61,152
2294,Crucial Storage Model-201,Storage,Crucial,1315.07,11
2295,Logitech Accessories Model-796,Accessories,Logitech,636.11,173
2296,Seagate Storage Model-219,Storage,Seagate,875.52,426
2297,Dell Laptop Model-194,Laptop,Dell,502.8,408
2298,Seagate Storage Model-817,Storage,Seagate,893.57,81
2299,BenQ Monitor Model-855,Monitor,BenQ,2323.4,216
2300,Seagate Storage Model-447,Storage,Seagate,983.26,17
2301,Dell Monitor Model-451,Monitor,Dell,2330.8,370
2302,Western Digital Storage Model-404,Storage,Western Digital,1379.48,114
2303,Asus Laptop Model-187,Laptop,Asus,1035.59,449
2304,Lenovo Laptop Model-286,Laptop,Lenovo,2356.28,146
2305,Samsung Storage Model-292,Storage,Samsung,1151.84,78
2306,Western Digital Storage Model-353,Storage,Western Digital,2365.41,499
2307,HP Laptop Model-831,Laptop,HP,695.65,227
2308,Logitech Accessories Model-762,Accessories,Logitech,1323.69,138
2309,Apple Laptop Model-266,Laptop,Apple,1694.68,419
2310,Dell Monitor Model-950,Monitor,Dell,82.06,337
2311,Corsair Accessories Model-635,Accessories,Corsair,2265.86,105
2312,Logitech Accessories Model-337,Accessories,Logitech,542.63,329
2313,SteelSeries Accessories Model-580,Accessories,SteelSeries,2274.5,307
2314,Razer Accessories Model-105,Accessories,Razer,1724.17,149
2315,Lenovo Laptop Model-960,Laptop,Lenovo,2327.3,435
2316,Razer Accessories Model-227,Accessories,Razer,2219.14,402
2317,Apple Laptop Model-743,Laptop,Apple,575.89,90
2318,Seagate Storage Model-854,Storage,Seagate,1836.15,51
2319,Dell Laptop Model-797,Laptop,Dell,1824.66,29
2320,SteelSeries Accessories Model-675,Accessories,SteelSeries,1992.83,491
2321,Dell Monitor Model-636,Monitor,Dell,2164.11,370
2322,SteelSeries Accessories Model-834,Accessories,SteelSeries,706.97,497
2323,Western Digital Storage Model-930,Storage,Western Digital,1281.1,167
2324,BenQ Monitor Model-527,Monitor,BenQ,1494.58,215
2325,Seagate Storage Model-230,Storage,Seagate,1290.88,183
2326,Logitech Accessories Model-270,Accessories,Logitech,1441.14,85
2327,BenQ Monitor Model-690,Monitor,BenQ,2063.89,397
2328,Seagate Storage Model-227,Storage,Seagate,587.17,473
2329,HP Laptop Model-504,Laptop,HP,2061.96,69
2330,Razer Accessories Model-410,Accessories,Razer,1531.21,145
2331,HP Laptop Model-375,Laptop,HP,122.35,169
2332,HP Laptop Model-657,Laptop,HP,674.58,379
2333,Lenovo Laptop Model-781,Laptop,Lenovo,955.41,109
2334,Samsung Storage Model-292,Storage,Samsung,1238.65,402
2335,Asus Laptop Model-967,Laptop,Asus,2400.81,233
2336,Corsair Accessories Model-556,Accessories,Corsair,1619.37,241
2337,Western Digital Storage Model-815,Storage,Western Digital,2209.55,395
2338,LG Monitor Model-648,Monitor,LG,2322.5,107
2339,Logitech Accessories Model-138,Accessories,Logitech,2132.67,367
2340,Lenovo Laptop Model-880,Laptop,Lenovo,1955.82,343
2341,Lenovo Laptop Model-873,Laptop,Lenovo,134.99,384
2342,HP Laptop Model-564,Laptop,HP,388.66,389
2343,Dell Laptop Model-387,Laptop,Dell,2135.51,380
2344,Dell Laptop Model-678,Laptop,Dell,747.82,90
2345,Razer Accessories Model-278,Accessories,Razer,630.17,265
2346,Corsair Accessories Model-184,Accessories,Corsair,813.94,214
2347,Samsung Monitor Model-441,Monitor,Samsung,2258.47,484
2348,Seagate Storage Model-686,Storage,Seagate,1610.53,358
2349,Dell Monitor Model-502,Monitor,Dell,83.11,209
2350,Crucial Storage Model-547,Storage,Crucial,469.05,194
2351,Samsung Monitor Model-226,Monitor,Samsung,1913.81,281
2352,Razer Accessories Model-118,Accessories,Razer,814.32,310
2353,Samsung Storage Model-857,Storage,Samsung,797.17,23
2354,LG Monitor Model-344,Monitor,LG,2382.73,115
2355,Apple Laptop Model-521,Laptop,Apple,1947.7,111
2356,Seagate Storage Model-821,Storage,Seagate,162.8,449
2357,Crucial Storage Model-853,Storage,Crucial,2402.01,471
2358,Samsung Storage Model-986,Storage,Samsung,2146.3,286
2359,HP Laptop Model-707,Laptop,HP,2243.66,447
2360,BenQ Monitor Model-100,Monitor,BenQ,238.88,461
2361,Razer Accessories Model-717,Accessories,Razer,995.57,356
2362,SteelSeries Accessories Model-652,Accessories,SteelSeries,1345.97,400
2363,Samsung Monitor Model-703,Monitor,Samsung,857.63,115
2364,Seagate Storage Model-542,Storage,Seagate,1898.58,477
2365,Samsung Storage Model-151,Storage,Samsung,1112.8,233
2366,Western Digital Storage Model-401,Storage,Western Digital,2069.04,297
2367,Seagate Storage Model-652,Storage,Seagate,2309.91,341
2368,Razer Accessories Model-867,Accessories,Razer,1426.17,48
2369,BenQ Monitor Model-231,Monitor,BenQ,2083.89,489
2370,BenQ Monitor Model-302,Monitor,BenQ,1982.41,258
2371,Dell Laptop Model-690,Laptop,Dell,1049.99,159
2372,Samsung Monitor Model-515,Monitor,Samsung,1350.31,357
2373,Lenovo Laptop Model-638,Laptop,Lenovo,1710.08,222
2374,Crucial Storage Model-555,Storage,Crucial,1501.3,137
2375,Logitech Accessories Model-557,Accessories,Logitech,698.33,195
2376,Western Digital Storage Model-807,Storage,Western Digital,793.32,365
2377,Apple Laptop Model-776,Laptop,Apple,719.55,255
2378,BenQ Monitor Model-540,Monitor,BenQ,572.27,326
2379,Samsung Storage Model-902,Storage,Samsung,2171.42,452
2380,SteelSeries Accessories Model-419,Accessories,SteelSeries,132.17,188
2381,Logitech Accessories Model-930,Accessories,Logitech,956.79,121
2382,LG Monitor Model-958,Monitor,LG,1283.42,85
2383,Lenovo Laptop Model-667,Laptop,Lenovo,1864.56,199
2384,Crucial Storage Model-150,Storage,Crucial,693.23,78
2385,Asus Laptop Model-428,Laptop,Asus,2497.76,189
2386,Lenovo Laptop Model-248,Laptop,Lenovo,1132.38,230
2387,Lenovo Laptop Model-593,Laptop,Lenovo,2030.56,481
2388,Western Digital Storage Model-742,Storage,Western Digital,1610.05,223
2389,SteelSeries Accessories Model-885,Accessories,SteelSeries,1090.46,99
2390,Dell Laptop Model-217,Laptop,Dell,2484.72,193
2391,Razer Accessories Model-104,Accessories,Razer,2427.17,457
2392,BenQ Monitor Model-992,Monitor,BenQ,1210.59,359
2393,BenQ Monitor Model-245,Monitor,BenQ,1679.93,419
2394,Lenovo Laptop Model-600,Laptop,Lenovo,521.63,28
2395,Asus Laptop Model-479,Laptop,Asus,1111.18,97
2396,Samsung Monitor Model-531,Monitor,Samsung,1532.04,233
2397,Dell Laptop Model-632,Laptop,Dell,1364.98,13
2398,Samsung Storage Model-442,Storage,Samsung,1857.75,405
2399,Dell Monitor Model-268,Monitor,Dell,1349.56,470
2400,Western Digital Storage Model-292,Storage,Western Digital,2192.78,27
2401,Corsair Accessories Model-715,Accessories,Corsair,257.97,259
2402,SteelSeries Accessories Model-801,Accessories,SteelSeries,2345.8,403
2403,Corsair Accessories Model-420,Accessories,Corsair,1433.22,194
2404,Western Digital Storage Model-961,Storage,Western Digital,427.29,218
2405,Samsung Monitor Model-399,Monitor,Samsung,1344.92,346
2406,Samsung Monitor Model-943,Monitor,Samsung,2094.3,447
2407,Dell Monitor Model-298,Monitor,Dell,1438.98,363
2408,Crucial Storage Model-117,Storage,Crucial,437.18,195
2409,BenQ Monitor Model-424,Monitor,BenQ,232.43,204
2410,Asus Laptop Model-874,Laptop,Asus,2417.51,463
2411,Razer Accessories Model-587,Accessories,Razer,1326.15,207
2412,Dell Laptop Model-181,Laptop,Dell,1351.79,110
2413,Seagate Storage Model-933,Storage,Seagate,2278.15,136
2414,Western Digital Storage Model-107,Storage,Western Digital,1056.8,241
2415,Corsair Accessories Model-810,Accessories,Corsair,1878.07,153
2416,Razer Accessories Model-918,Accessories,Razer,792.51,415
2417,Razer Accessories Model-138,Accessories,Razer,713.41,296
2418,SteelSeries Accessories Model-803,Accessories,SteelSeries,1785.47,378
2419,SteelSeries Accessories Model-860,Accessories,SteelSeries,813.11,498
2420,HP Laptop Model-355,Laptop,HP,282.93,79
2421,HP Laptop Model-772,Laptop,HP,1975.02,44
2422,Asus Laptop Model-882,Laptop,Asus,1631.46,169
2423,Logitech Accessories Model-562,Accessories,Logitech,1567.45,473
2424,Dell Monitor Model-635,Monitor,Dell,546.29,285
2425,Logitech Accessories Model-682,Accessories,Logitech,452.07,446
2426,Dell Laptop Model-879,Laptop,Dell,694.91,83
2427,BenQ Monitor Model-802,Monitor,BenQ,569.32,131
2428,SteelSeries Accessories Model-747,Accessories,SteelSeries,2446.36,430
2429,Razer Accessories Model-186,Accessories,Razer,1746.01,65
2430,Logitech Accessories Model-770,Accessories,Logitech,763.22,427
2431,Dell Laptop Model-619,Laptop,Dell,1420.6,310
2432,Asus Laptop Model-989,Laptop,Asus,1582.35,61
2433,Dell Monitor Model-164,Monitor,Dell,1800.81,55
2434,HP Laptop Model-986,Laptop,HP,104.83,183
2435,Western Digital Storage Model-881,Storage,Western Digital,1196.0,219
2436,Western Digital Storage Model-814,Storage,Western Digital,2350.91,268
2437,Dell Monitor Model-383,Monitor,Dell,602.98,309
2438,Corsair Accessories Model-220,Accessories,Corsair,663.16,386
2439,Razer Accessories Model-960,Accessories,Razer,1757.95,287
2440,Corsair Accessories Model-670,Accessories,Corsair,2434.1,57
2441,Apple Laptop Model-425,Laptop,Apple,303.82,307
2442,Razer Accessories Model-695,Accessories,Razer,58.39,189
2443,SteelSeries Accessories Model-543,Accessories,SteelSeries,1236.47,174
2444,HP Laptop Model-410,Laptop,HP,964.61,176
2445,BenQ Monitor Model-843,Monitor,BenQ,182.63,446
2446,Dell Monitor Model-980,Monitor,Dell,1576.92,378
2447,LG Monitor Model-703,Monitor,LG,1995.36,475
2448,LG Monitor Model-101,Monitor,LG,1542.63,175
2449,Lenovo Laptop Model-623,Laptop,Lenovo,406.56,370
2450,Razer Accessories Model-816,Accessories,Razer,1098.28,467
2451,Seagate Storage Model-889,Storage,Seagate,2378.36,26
2452,Logitech Accessories Model-986,Accessories,Logitech,677.2,380
2453,Razer Accessories Model-614,Accessories,Razer,1409.6,15
2454,HP Laptop Model-296,Laptop,HP,2330.15,454
2455,LG Monitor Model-811,Monitor,LG,1062.08,475
2456,Corsair Accessories Model-325,Accessories,Corsair,2238.99,227
2457,Apple Laptop Model-679,Laptop,Apple,862.33,477
2458,Dell Monitor Model-354,Monitor,Dell,1479.57,132
2459,HP Laptop Model-578,Laptop,HP,2391.67,114
2460,Logitech Accessories Model-230,Accessories,Logitech,1920.21,264
2461,Lenovo Laptop Model-348,Laptop,Lenovo,1325.48,375
2462,Samsung Storage Model-426,Storage,Samsung,858.47,55
2463,LG Monitor Model-298,Monitor,LG,1934.84,327
2464,Corsair Accessories Model-862,Accessories,Corsair,418.21,322
2465,Dell Laptop Model-683,Laptop,Dell,959.89,263
2466,Seagate Storage Model-533,Storage,Seagate,1909.19,241
2467,Dell Monitor Model-492,Monitor,Dell,2184.0,122
2468,Samsung Storage Model-298,Storage,Samsung,2315.35,483
2469,Dell Monitor Model-502,Monitor,Dell,934.92,132
2470,Seagate Storage Model-982,Storage,Seagate,1668.77,477
2471,HP Laptop Model-150,Laptop,HP,2124.77,190
2472,Samsung Monitor Model-483,Monitor,Samsung,877.98,161
2473,Samsung Monitor Model-471,Monitor,Samsung,1071.53,250
2474,SteelSeries Accessories Model-392,Accessories,SteelSeries,1372.5,90
2475,Corsair Accessories Model-674,Accessories,Corsair,963.36,286
2476,Razer Accessories Model-484,Accessories,Razer,133.98,46
2477,Corsair Accessories Model-227,Accessories,Corsair,2209.16,355
2478,Dell Laptop Model-484,Laptop,Dell,993.89,42
2479,Corsair Accessories Model-348,Accessories,Corsair,1257.39,225
2480,Dell Monitor Model-140,Monitor,Dell,1794.38,135
2481,Lenovo Laptop Model-194,Laptop,Lenovo,1919.77,470
2482,Samsung Storage Model-599,Storage,Samsung,667.86,340
2483,Razer Accessories Model-820,Accessories,Razer,1852.05,229
2484,LG Monitor Model-513,Monitor,LG,803.02,397
2485,Seagate Storage Model-707,Storage,Seagate,676.24,259
2486,Dell Monitor Model-485,Monitor,Dell,1014.04,215
2487,Crucial Storage Model-324,Storage,Crucial,1091.68,352
2488,Logitech Accessories Model-659,Accessories,Logitech,373.52,370
2489,Logitech Accessories Model-151,Accessories,Logitech,2144.18,267
2490,Dell Monitor Model-168,Monitor,Dell,992.25,481
2491,Samsung Monitor Model-183,Monitor,Samsung,219.62,282
2492,LG Monitor Model-820,Monitor,LG,2305.75,124
2493,Apple Laptop Model-843,Laptop,Apple,2152.28,58
2494,Logitech Accessories Model-844,Accessories,Logitech,2310.39,293
2495,Crucial Storage Model-808,Storage,Crucial,481.33,27
2496,Dell Monitor Model-304,Monitor,Dell,2094.99,342
2497,Logitech Accessories Model-862,Accessories,Logitech,108.65,320
2498,HP Laptop Model-436,Laptop,HP,1903.42,175
2499,Crucial Storage Model-580,Storage,Crucial,1152.23,117
2500,Corsair Accessories Model-780,Accessories,Corsair,1418.89,439
2501,Dell Monitor Model-846,Monitor,Dell,2464.79,54
2502,Apple Laptop Model-228,Laptop,Apple,1547.54,262
2503,Samsung Monitor Model-405,Monitor,Samsung,801.13,138
2504,BenQ Monitor Model-266,Monitor,BenQ,140.59,498
2505,Logitech Accessories Model-737,Accessories,Logitech,1426.59,148
2506,LG Monitor Model-560,Monitor,LG,327.63,34
2507,BenQ Monitor Model-491,Monitor,BenQ,1705.46,152
2508,Samsung Storage Model-183,Storage,Samsung,821.8,215
2509,Dell Monitor Model-715,Monitor,Dell,783.1,42
2510,Seagate Storage Model-768,Storage,Seagate,521.54,395
2511,Samsung Storage Model-234,Storage,Samsung,1223.21,216
2512,SteelSeries Accessories Model-830,Accessories,SteelSeries,2108.03,267
2513,Asus Laptop Model-507,Laptop,Asus,1528.23,190
2514,Dell Laptop Model-817,Laptop,Dell,1575.89,489
2515,BenQ Monitor Model-504,Monitor,BenQ,2356.46,39
2516,Samsung Monitor Model-345,Monitor,Samsung,834.77,257
2517,HP Laptop Model-585,Laptop,HP,1425.08,151
2518,Corsair Accessories Model-552,Accessories,Corsair,1706.1,261
2519,Crucial Storage Model-843,Storage,Crucial,1765.11,406
2520,Asus Laptop Model-295,Laptop,Asus,1835.56,187
2521,BenQ Monitor Model-490,Monitor,BenQ,659.59,181
2522,LG Monitor Model-695,Monitor,LG,1694.86,113
2523,Western Digital Storage Model-659,Storage,Western Digital,1727.77,55
2524,Dell Laptop Model-803,Laptop,Dell,376.94,465
2525,SteelSeries Accessories Model-127,Accessories,SteelSeries,1108.01,35
2526,SteelSeries Accessories Model-551,Accessories,SteelSeries,382.34,407
2527,Samsung Storage Model-592,Storage,Samsung,1185.96,295
2528,Dell Laptop Model-491,Laptop,Dell,2482.4,84
2529,HP Laptop Model-574,Laptop,HP,2225.54,485
2530,Dell Laptop Model-289,Laptop,Dell,437.61,325
2531,SteelSeries Accessories Model-845,Accessories,SteelSeries,1034.56,144
2532,BenQ Monitor Model-591,Monitor,BenQ,2197.85,399
2533,Samsung Storage Model-448,Storage,Samsung,1201.44,316
2534,Corsair Accessories Model-812,Accessories,Corsair,2100.36,447
2535,LG Monitor Model-489,Monitor,LG,1825.21,94
2536,Seagate Storage Model-799,Storage,Seagate,1879.31,323
2537,Apple Laptop Model-739,Laptop,Apple,2059.2,431
2538,Samsung Monitor Model-433,Monitor,Samsung,1798.3,158
2539,HP Laptop Model-458,Laptop,HP,944.71,465
2540,SteelSeries Accessories Model-330,Accessories,SteelSeries,1150.73,453
2541,Seagate Storage Model-226,Storage,Seagate,679.73,275
2542,Razer Accessories Model-275,Accessories,Razer,1763.16,297
2543,Logitech Accessories Model-347,Accessories,Logitech,1149.78,62
2544,Logitech Accessories Model-806,Accessories,Logitech,820.98,63
2545,Crucial Storage Model-273,Storage,Crucial,2244.76,259
2546,SteelSeries Accessories Model-778,Accessories,SteelSeries,1658.28,55
2547,Western Digital Storage Model-795,Storage,Western Digital,1592.54,467
2548,Samsung Monitor Model-992,Monitor,Samsung,1535.95,403
2549,Logitech Accessories Model-983,Accessories,Logitech,454.28,432
2550,BenQ Monitor Model-374,Monitor,BenQ,652.03,416
2551,Samsung Storage Model-771,Storage,Samsung,1549.03,81
2552,Logitech Accessories Model-583,Accessories,Logitech,1435.45,38
2553,BenQ Monitor Model-865,Monitor,BenQ,1958.0,144
2554,LG Monitor Model-800,Monitor,LG,2044.06,91
2555,Lenovo Laptop Model-520,Laptop,Lenovo,596.14,477
2556,Seagate Storage Model-461,Storage,Seagate,480.93,48
2557,Western Digital Storage Model-590,Storage,Western Digital,863.37,357
2558,Apple Laptop Model-629,Laptop,Apple,2163.5,22
2559,Lenovo Laptop Model-772,Laptop,Lenovo,2131.37,206
2560,Apple Laptop Model-390,Laptop,Apple,2012.91,449
2561,BenQ Monitor Model-778,Monitor,BenQ,1190.34,358
2562,Crucial Storage Model-144,Storage,Crucial,2236.27,369
2563,Dell Monitor Model-112,Monitor,Dell,243.68,313
2564,Seagate Storage Model-799,Storage,Seagate,1339.94,303
2565,Western Digital Storage Model-804,Storage,Western Digital,2442.0,477
2566,Apple Laptop Model-166,Laptop,Apple,2305.9,401
2567,Samsung Storage Model-232,Storage,Samsung,1611.87,49
2568,Razer Accessories Model-379,Accessories,Razer,2409.93,267
2569,Samsung Storage Model-806,Storage,Samsung,1518.74,413
2570,Corsair Accessories Model-525,Accessories,Corsair,983.84,67
2571,Lenovo Laptop Model-734,Laptop,Lenovo,990.83,459
2572,Samsung Storage Model-508,Storage,Samsung,2440.79,300
2573,Dell Laptop Model-915,Laptop,Dell,1455.99,344
2574,Corsair Accessories Model-474,Accessories,Corsair,1930.07,228
2575,Dell Monitor Model-957,Monitor,Dell,2261.74,119
2576,Asus Laptop Model-502,Laptop,Asus,590.67,417
2577,Samsung Monitor Model-930,Monitor,Samsung,2103.97,46
2578,Razer Accessories Model-581,Accessories,Razer,1628.82,125
2579,Corsair Accessories Model-649,Accessories,Corsair,1207.23,187
2580,Seagate Storage Model-469,Storage,Seagate,2333.39,302
2581,Western Digital Storage Model-610,Storage,Western Digital,2353.08,135
2582,HP Laptop Model-260,Laptop,HP,2006.63,56
2583,Razer Accessories Model-146,Accessories,Razer,271.91,299
2584,Seagate Storage Model-661,Storage,Seagate,1942.86,485
2585,Western Digital Storage Model-681,Storage,Western Digital,1960.03,493
2586,Dell Monitor Model-951,Monitor,Dell,499.14,29
2587,Apple Laptop Model-707,Laptop,Apple,2155.68,60
2588,Samsung Monitor Model-956,Monitor,Samsung,1407.56,396
2589,Dell Laptop Model-905,Laptop,Dell,479.37,117
2590,Asus Laptop Model-393,Laptop,Asus,1697.08,446
2591,Western Digital Storage Model-386,Storage,Western Digital,1219.14,21
2592,Apple Laptop Model-146,Laptop,Apple,357.54,157
2593,LG Monitor Model-699,Monitor,LG,399.37,329
2594,Samsung Monitor Model-587,Monitor,Samsung,2007.88,304
2595,Asus Laptop Model-895,Laptop,Asus,1865.97,280
2596,Dell Monitor Model-587,Monitor,Dell,89.39,52
2597,Western Digital Storage Model-215,Storage,Western Digital,941.35,49
2598,Samsung Monitor Model-971,Monitor,Samsung,1394.23,283
2599,Seagate Storage Model-164,Storage,Seagate,2289.12,227
2600,Corsair Accessories Model-931,Accessories,Corsair,554.88,346
2601,HP Laptop Model-463,Laptop,HP,573.29,81
2602,Logitech Accessories Model-363,Accessories,Logitech,501.75,145
2603,Asus Laptop Model-515,Laptop,Asus,2153.73,159
2604,Dell Laptop Model-189,Laptop,Dell,150.64,170
2605,BenQ Monitor Model-497,Monitor,BenQ,2295.18,391
2606,Razer Accessories Model-791,Accessories,Razer,786.17,303
2607,Western Digital Storage Model-664,Storage,Western Digital,598.58,74
2608,SteelSeries Accessories Model-698,Accessories,SteelSeries,64.16,283
2609,SteelSeries Accessories Model-470,Accessories,SteelSeries,291.55,323
2610,BenQ Monitor Model-688,Monitor,BenQ,759.23,423
2611,Apple Laptop Model-137,Laptop,Apple,1678.33,374
2612,Samsung Storage Model-846,Storage,Samsung,2024.78,90
2613,HP Laptop Model-482,Laptop,HP,2093.42,199
2614,Razer Accessories Model-145,Accessories,Razer,1797.36,184
2615,Samsung Monitor Model-752,Monitor,Samsung,724.13,495
2616,Samsung Storage Model-820,Storage,Samsung,687.6,430
2617,Logitech Accessories Model-125,Accessories,Logitech,815.1,25
2618,BenQ Monitor Model-130,Monitor,BenQ,930.54,173
2619,Corsair Accessories Model-121,Accessories,Corsair,673.13,321
2620,Dell Laptop Model-515,Laptop,Dell,2367.28,21
2621,Corsair Accessories Model-984,Accessories,Corsair,1908.18,245
2622,Crucial Storage Model-748,Storage,Crucial,931.41,10
2623,Western Digital Storage Model-178,Storage,Western Digital,186.85,314
2624,LG Monitor Model-458,Monitor,LG,1766.97,122
2625,BenQ Monitor Model-474,Monitor,BenQ,1421.12,83
2626,Seagate Storage Model-602,Storage,Seagate,691.75,254
2627,Seagate Storage Model-848,Storage,Seagate,1506.12,188
2628,BenQ Monitor Model-985,Monitor,BenQ,1959.23,320
2629,LG Monitor Model-772,Monitor,LG,856.54,348
2630,LG Monitor Model-703,Monitor,LG,2003.51,65
2631,Dell Laptop Model-371,Laptop,Dell,1740.63,116
2632,HP Laptop Model-430,Laptop,HP,150.52,144
2633,HP Laptop Model-295,Laptop,HP,628.68,382
2634,Western Digital Storage Model-778,Storage,Western Digital,547.57,207
2635,Western Digital Storage Model-528,Storage,Western Digital,477.32,36
2636,Crucial Storage Model-974,Storage,Crucial,1097.27,146
2637,Seagate Storage Model-406,Storage,Seagate,103.98,20
2638,Razer Accessories Model-603,Accessories,Razer,553.26,196
2639,Seagate Storage Model-469,Storage,Seagate,579.06,288
2640,Dell Monitor Model-518,Monitor,Dell,1361.63,62
2641,LG Monitor Model-956,Monitor,LG,1723.75,329
2642,Lenovo Laptop Model-451,Laptop,Lenovo,209.54,334
2643,Corsair Accessories Model-849,Accessories,Corsair,1804.37,317
2644,Corsair Accessories Model-214,Accessories,Corsair,1037.1,308
2645,Samsung Storage Model-190,Storage,Samsung,557.54,46
2646,Samsung Storage Model-660,Storage,Samsung,2488.92,131
2647,Logitech Accessories Model-334,Accessories,Logitech,1594.19,216
2648,Dell Monitor Model-720,Monitor,Dell,1301.0,217
2649,HP Laptop Model-177,Laptop,HP,158.88,392
2650,SteelSeries Accessories Model-210,Accessories,SteelSeries,706.84,382
2651,HP Laptop Model-138,Laptop,HP,1991.84,185
2652,HP Laptop Model-110,Laptop,HP,607.27,60
2653,Crucial Storage Model-455,Storage,Crucial,113.24,369
2654,Samsung Storage Model-628,Storage,Samsung,2348.42,459
2655,Dell Laptop Model-651,Laptop,Dell,398.23,375
2656,SteelSeries Accessories Model-556,Accessories,SteelSeries,2187.59,228
2657,BenQ Monitor Model-655,Monitor,BenQ,380.34,374
2658,Razer Accessories Model-688,Accessories,Razer,2462.09,352
2659,Apple Laptop Model-961,Laptop,Apple,2458.67,389
2660,Samsung Monitor Model-482,Monitor,Samsung,731.5,326
2661,Lenovo Laptop Model-284,Laptop,Lenovo,175.72,112
2662,Western Digital Storage Model-941,Storage,Western Digital,315.05,487
2663,Samsung Monitor Model-775,Monitor,Samsung,1809.6,356
2664,HP Laptop Model-144,Laptop,HP,1119.23,337
2665,Dell Monitor Model-977,Monitor,Dell,1731.21,160
2666,SteelSeries Accessories Model-937,Accessories,SteelSeries,2188.8,260
2667,Logitech Accessories Model-465,Accessories,Logitech,1644.72,161
2668,Razer Accessories Model-439,Accessories,Razer,991.34,318
2669,Apple Laptop Model-298,Laptop,Apple,526.39,26
2670,Samsung Monitor Model-965,Monitor,Samsung,1653.96,154
2671,Dell Laptop Model-454,Laptop,Dell,309.15,71
2672,Logitech Accessories Model-616,Accessories,Logitech,1258.05,70
2673,SteelSeries Accessories Model-706,Accessories,SteelSeries,755.6,32
2674,Samsung Storage Model-146,Storage,Samsung,978.67,394
2675,Dell Laptop Model-294,Laptop,Dell,1840.55,141
2676,LG Monitor Model-549,Monitor,LG,461.91,206
2677,LG Monitor Model-122,Monitor,LG,296.67,395
2678,SteelSeries Accessories Model-414,Accessories,SteelSeries,1754.64,465
2679,Western Digital Storage Model-794,Storage,Western Digital,1324.28,397
2680,Dell Monitor Model-746,Monitor,Dell,1667.63,133
2681,Apple Laptop Model-587,Laptop,Apple,1050.39,73
2682,Razer Accessories Model-124,Accessories,Razer,1374.69,370
2683,Crucial Storage Model-718,Storage,Crucial,2154.85,417
2684,Logitech Accessories Model-191,Accessories,Logitech,1465.28,30
2685,Corsair Accessories Model-149,Accessories,Corsair,1790.59,222
2686,Samsung Monitor Model-449,Monitor,Samsung,713.55,217
2687,Samsung Monitor Model-169,Monitor,Samsung,1605.54,453
2688,Razer Accessories Model-852,Accessories,Razer,2456.01,105
2689,Samsung Monitor Model-517,Monitor,Samsung,1808.02,486
2690,Samsung Storage Model-863,Storage,Samsung,540.96,462
2691,Samsung Monitor Model-268,Monitor,Samsung,1842.39,364
2692,Samsung Storage Model-746,Storage,Samsung,1017.11,147
2693,Asus Laptop Model-581,Laptop,Asus,869.49,240
2694,Seagate Storage Model-901,Storage,Seagate,2211.88,285
2695,Samsung Storage Model-457,Storage,Samsung,1363.99,46
2696,Corsair Accessories Model-108,Accessories,Corsair,587.68,368
2697,Razer Accessories Model-418,Accessories,Razer,1459.0,473
2698,Dell Monitor Model-260,Monitor,Dell,589.51,30
2699,Samsung Storage Model-545,Storage,Samsung,1206.25,329
2700,Dell Monitor Model-394,Monitor,Dell,484.57,113
2701,SteelSeries Accessories Model-855,Accessories,SteelSeries,1090.28,321
2702,Corsair Accessories Model-810,Accessories,Corsair,1609.67,441
2703,Western Digital Storage Model-138,Storage,Western Digital,1177.55,56
2704,Dell Monitor Model-673,Monitor,Dell,1759.04,230
2705,HP Laptop Model-363,Laptop,HP,389.87,205
2706,Western Digital Storage Model-475,Storage,Western Digital,1890.84,351
2707,Dell Laptop Model-503,Laptop,Dell,666.43,473
2708,Samsung Monitor Model-322,Monitor,Samsung,842.31,377
2709,Logitech Accessories Model-557,Accessories,Logitech,534.99,62
2710,HP Laptop Model-609,Laptop,HP,2068.66,307
2711,Samsung Storage Model-438,Storage,Samsung,878.95,340
2712,Seagate Storage Model-838,Storage,Seagate,2337.67,304
2713,Dell Monitor Model-630,Monitor,Dell,744.86,308
2714,HP Laptop Model-220,Laptop,HP,1176.73,234
2715,LG Monitor Model-105,Monitor,LG,2329.15,240
2716,Crucial Storage Model-358,Storage,Crucial,662.16,428
2717,Crucial Storage Model-354,Storage,Crucial,584.38,305
2718,Dell Monitor Model-906,Monitor,Dell,1302.29,395
2719,Western Digital Storage Model-352,Storage,Western Digital,1197.51,329
2720,Samsung Storage Model-828,Storage,Samsung,259.75,216
2721,Dell Laptop Model-892,Laptop,Dell,2273.83,156
2722,Dell Laptop Model-695,Laptop,Dell,939.69,476
2723,Crucial Storage Model-550,Storage,Crucial,2320.91,129
2724,Seagate Storage Model-198,Storage,Seagate,215.68,73
2725,Razer Accessories Model-355,Accessories,Razer,556.16,264
2726,Samsung Monitor Model-991,Monitor,Samsung,1419.94,392
2727,BenQ Monitor Model-293,Monitor,BenQ,1467.76,291
2728,Lenovo Laptop Model-936,Laptop,Lenovo,2315.66,242
2729,Razer Accessories Model-866,Accessories,Razer,755.97,404
2730,Crucial Storage Model-826,Storage,Crucial,745.85,257
2731,SteelSeries Accessories Model-938,Accessories,SteelSeries,1306.53,197
2732,Corsair Accessories Model-540,Accessories,Corsair,2309.01,390
2733,SteelSeries Accessories Model-896,Accessories,SteelSeries,1726.73,391
2734,Logitech Accessories Model-155,Accessories,Logitech,1096.55,254
2735,Crucial Storage Model-747,Storage,Crucial,1330.77,200
2736,Samsung Monitor Model-951,Monitor,Samsung,812.26,259
2737,SteelSeries Accessories Model-208,Accessories,SteelSeries,799.75,46
2738,BenQ Monitor Model-620,Monitor,BenQ,1235.03,486
2739,Asus Laptop Model-916,Laptop,Asus,1777.3,220
2740,LG Monitor Model-436,Monitor,LG,895.89,360
2741,Asus Laptop Model-989,Laptop,Asus,2091.54,163
2742,Asus Laptop Model-673,Laptop,Asus,2003.7,196
2743,Lenovo Laptop Model-616,Laptop,Lenovo,1647.22,34
2744,BenQ Monitor Model-509,Monitor,BenQ,768.11,311
2745,BenQ Monitor Model-942,Monitor,BenQ,184.58,458
2746,LG Monitor Model-698,Monitor,LG,303.39,38
2747,Seagate Storage Model-832,Storage,Seagate,1157.17,198
2748,Dell Monitor Model-752,Monitor,Dell,2068.02,350
2749,Apple Laptop Model-146,Laptop,Apple,782.42,402
2750,SteelSeries Accessories Model-122,Accessories,SteelSeries,1896.4,286
2751,Dell Laptop Model-501,Laptop,Dell,1250.63,273
2752,Lenovo Laptop Model-778,Laptop,Lenovo,185.98,83
2753,Dell Monitor Model-763,Monitor,Dell,1789.2,322
2754,Razer Accessories Model-837,Accessories,Razer,523.94,83
2755,Asus Laptop Model-365,Laptop,Asus,1656.58,53
2756,Crucial Storage Model-490,Storage,Crucial,2255.51,443
2757,SteelSeries Accessories Model-215,Accessories,SteelSeries,1890.99,125
2758,Asus Laptop Model-959,Laptop,Asus,1488.8,414
2759,Dell Monitor Model-201,Monitor,Dell,1386.59,386
2760,BenQ Monitor Model-821,Monitor,BenQ,790.35,303
2761,Dell Laptop Model-696,Laptop,Dell,198.04,370
2762,Samsung Monitor Model-276,Monitor,Samsung,500.98,435
2763,Seagate Storage Model-689,Storage,Seagate,2200.61,359
2764,Lenovo Laptop Model-957,Laptop,Lenovo,351.32,163
2765,Western Digital Storage Model-180,Storage,Western Digital,1630.09,328
2766,Crucial Storage Model-259,Storage,Crucial,996.89,296
2767,Dell Laptop Model-317,Laptop,Dell,498.6,500
2768,Dell Laptop Model-643,Laptop,Dell,139.84,480
2769,Dell Monitor Model-439,Monitor,Dell,164.08,255
2770,Asus Laptop Model-725,Laptop,Asus,673.1,233
2771,Samsung Monitor Model-491,Monitor,Samsung,1140.41,204
2772,BenQ Monitor Model-320,Monitor,BenQ,82.5,442
2773,Dell Laptop Model-230,Laptop,Dell,717.28,57
2774,BenQ Monitor Model-317,Monitor,BenQ,1326.22,425
2775,LG Monitor Model-250,Monitor,LG,770.71,271
2776,Corsair Accessories Model-958,Accessories,Corsair,403.25,451
2777,Crucial Storage Model-387,Storage,Crucial,2000.96,217
2778,Apple Laptop Model-787,Laptop,Apple,633.73,462
2779,Lenovo Laptop Model-500,Laptop,Lenovo,2077.46,433
2780,Dell Laptop Model-285,Laptop,Dell,1845.17,399
2781,HP Laptop Model-758,Laptop,HP,2008.7,15
2782,Western Digital Storage Model-998,Storage,Western Digital,1519.95,399
2783,Dell Monitor Model-387,Monitor,Dell,956.39,247
2784,LG Monitor Model-413,Monitor,LG,892.15,311
2785,Corsair Accessories Model-167,Accessories,Corsair,1168.12,322
2786,Corsair Accessories Model-204,Accessories,Corsair,1410.81,232
2787,Logitech Accessories Model-344,Accessories,Logitech,1748.51,453
2788,Apple Laptop Model-500,Laptop,Apple,163.63,268
2789,HP Laptop Model-378,Laptop,HP,1849.14,296
2790,Dell Monitor Model-431,Monitor,Dell,899.02,427
2791,Seagate Storage Model-122,Storage,Seagate,302.95,459
2792,Samsung Monitor Model-840,Monitor,Samsung,1855.12,343
2793,Western Digital Storage Model-464,Storage,Western Digital,1175.84,430
2794,SteelSeries Accessories Model-152,Accessories,SteelSeries,1156.05,361
2795,Crucial Storage Model-325,Storage,Crucial,259.07,150
2796,Crucial Storage Model-223,Storage,Crucial,2484.59,331
2797,HP Laptop Model-229,Laptop,HP,427.87,274
2798,Dell Laptop Model-395,Laptop,Dell,1209.51,211
2799,LG Monitor Model-983,Monitor,LG,1711.9,113
2800,Razer Accessories Model-981,Accessories,Razer,1642.83,179
2801,LG Monitor Model-579,Monitor,LG,1692.15,106
2802,Western Digital Storage Model-669,Storage,Western Digital,1354.99,206
2803,Crucial Storage Model-484,Storage,Crucial,1807.28,451
2804,Apple Laptop Model-326,Laptop,Apple,2401.4,67
2805,Dell Laptop Model-995,Laptop,Dell,2417.47,339
2806,Logitech Accessories Model-878,Accessories,Logitech,1550.44,446
2807,LG Monitor Model-676,Monitor,LG,2497.71,485
2808,Razer Accessories Model-343,Accessories,Razer,2499.08,143
2809,Western Digital Storage Model-456,Storage,Western Digital,777.52,81
2810,Apple Laptop Model-559,Laptop,Apple,946.96,421
2811,Razer Accessories Model-230,Accessories,Razer,1197.59,35
2812,Logitech Accessories Model-691,Accessories,Logitech,215.75,198
2813,Corsair Accessories Model-470,Accessories,Corsair,2475.68,229
2814,Corsair Accessories Model-736,Accessories,Corsair,2074.97,213
2815,HP Laptop Model-269,Laptop,HP,1612.4,53
2816,HP Laptop Model-424,Laptop,HP,2454.91,392
2817,Lenovo Laptop Model-422,Laptop,Lenovo,1366.29,425
2818,Apple Laptop Model-687,Laptop,Apple,152.03,194
2819,SteelSeries Accessories Model-259,Accessories,SteelSeries,2062.49,137
2820,Western Digital Storage Model-613,Storage,Western Digital,1121.63,470
2821,Samsung Storage Model-544,Storage,Samsung,2311.32,336
2822,Logitech Accessories Model-701,Accessories,Logitech,1502.55,126
2823,Samsung Monitor Model-525,Monitor,Samsung,1041.42,372
2824,Razer Accessories Model-332,Accessories,Razer,1532.04,300
2825,Samsung Monitor Model-445,Monitor,Samsung,1679.44,353
2826,Logitech Accessories Model-541,Accessories,Logitech,1276.88,379
2827,Corsair Accessories Model-558,Accessories,Corsair,1514.68,67
2828,Crucial Storage Model-430,Storage,Crucial,1249.66,135
2829,Samsung Storage Model-202,Storage,Samsung,2482.82,202
2830,Razer Accessories Model-304,Accessories,Razer,72.98,322
2831,LG Monitor Model-269,Monitor,LG,1771.73,375
2832,LG Monitor Model-558,Monitor,LG,1868.41,235
2833,Logitech Accessories Model-928,Accessories,Logitech,2064.76,95
2834,Seagate Storage Model-456,Storage,Seagate,2414.7,415
2835,HP Laptop Model-483,Laptop,HP,1254.06,46
2836,Dell Monitor Model-235,Monitor,Dell,1223.0,476
2837,Razer Accessories Model-781,Accessories,Razer,987.49,26
2838,Seagate Storage Model-116,Storage,Seagate,508.5,110
2839,Samsung Storage Model-627,Storage,Samsung,326.01,214
2840,HP Laptop Model-629,Laptop,HP,1552.96,381
2841,Western Digital Storage Model-265,Storage,Western Digital,1158.27,244
2842,Samsung Storage Model-918,Storage,Samsung,552.17,58
2843,Apple Laptop Model-545,Laptop,Apple,2463.78,428
2844,Dell Laptop Model-684,Laptop,Dell,525.44,239
2845,Seagate Storage Model-599,Storage,Seagate,190.32,80
2846,Apple Laptop Model-179,Laptop,Apple,571.62,447
2847,Samsung Storage Model-784,Storage,Samsung,1387.69,207
2848,Dell Laptop Model-686,Laptop,Dell,1233.37,452
2849,BenQ Monitor Model-317,Monitor,BenQ,446.02,121
2850,Samsung Monitor Model-745,Monitor,Samsung,1699.44,456
2851,Samsung Monitor Model-348,Monitor,Samsung,2214.26,153
2852,Dell Laptop Model-704,Laptop,Dell,1502.87,373
2853,BenQ Monitor Model-147,Monitor,BenQ,2459.42,355
2854,SteelSeries Accessories Model-245,Accessories,SteelSeries,50.88,290
2855,Razer Accessories Model-137,Accessories,Razer,1330.35,379
2856,BenQ Monitor Model-700,Monitor,BenQ,1596.04,99
2857,Lenovo Laptop Model-895,Laptop,Lenovo,1924.31,394
2858,Crucial Storage Model-745,Storage,Crucial,1175.77,107
2859,Crucial Storage Model-112,Storage,Crucial,2258.12,122
2860,Samsung Monitor Model-788,Monitor,Samsung,2129.24,302
2861,HP Laptop Model-328,Laptop,HP,1432.15,170
2862,Western Digital Storage Model-940,Storage,Western Digital,1655.71,70
2863,Logitech Accessories Model-330,Accessories,Logitech,1784.51,188
2864,Asus Laptop Model-387,Laptop,Asus,782.22,285
2865,LG Monitor Model-693,Monitor,LG,1920.57,291
2866,Dell Monitor Model-586,Monitor,Dell,2113.91,19
2867,Lenovo Laptop Model-482,Laptop,Lenovo,1896.78,459
2868,Seagate Storage Model-869,Storage,Seagate,615.86,250
2869,BenQ Monitor Model-563,Monitor,BenQ,1895.48,229
2870,BenQ Monitor Model-704,Monitor,BenQ,1006.06,215
2871,Apple Laptop Model-331,Laptop,Apple,2151.58,423
2872,Razer Accessories Model-708,Accessories,Razer,841.28,435
2873,Asus Laptop Model-788,Laptop,Asus,1574.11,64
2874,Corsair Accessories Model-822,Accessories,Corsair,1786.21,270
2875,Razer Accessories Model-312,Accessories,Razer,2264.08,435
2876,Samsung Monitor Model-942,Monitor,Samsung,1241.15,79
2877,Razer Accessories Model-119,Accessories,Razer,300.97,203
2878,Logitech Accessories Model-468,Accessories,Logitech,1366.88,69
2879,BenQ Monitor Model-539,Monitor,BenQ,1025.08,267
2880,Corsair Accessories Model-389,Accessories,Corsair,1062.77,383
2881,Razer Accessories Model-377,Accessories,Razer,1890.74,131
2882,Lenovo Laptop Model-373,Laptop,Lenovo,1228.02,490
2883,HP Laptop Model-513,Laptop,HP,1797.22,118
2884,Dell Monitor Model-730,Monitor,Dell,2438.16,378
2885,Asus Laptop Model-567,Laptop,Asus,2121.56,492
2886,Seagate Storage Model-727,Storage,Seagate,349.84,406
2887,Crucial Storage Model-815,Storage,Crucial,2470.92,58
2888,Corsair Accessories Model-135,Accessories,Corsair,1584.79,359
2889,HP Laptop Model-879,Laptop,HP,1759.07,29
2890,Lenovo Laptop Model-501,Laptop,Lenovo,1420.05,32
2891,Seagate Storage Model-547,Storage,Seagate,1942.49,162
2892,Apple Laptop Model-454,Laptop,Apple,96.09,71
2893,BenQ Monitor Model-609,Monitor,BenQ,231.8,500
2894,Samsung Monitor Model-827,Monitor,Samsung,2190.28,79
2895,Dell Monitor Model-930,Monitor,Dell,720.81,159
2896,Dell Laptop Model-107,Laptop,Dell,828.31,194
2897,Logitech Accessories Model-380,Accessories,Logitech,1082.44,139
2898,HP Laptop Model-402,Laptop,HP,655.88,420
2899,LG Monitor Model-809,Monitor,LG,2272.79,238
2900,BenQ Monitor Model-863,Monitor,BenQ,2150.05,29
2901,BenQ Monitor Model-120,Monitor,BenQ,964.31,314
2902,Western Digital Storage Model-121,Storage,Western Digital,402.77,192
2903,Logitech Accessories Model-450,Accessories,Logitech,2474.4,137
2904,Samsung Storage Model-841,Storage,Samsung,1092.53,232
2905,Dell Monitor Model-120,Monitor,Dell,95.16,74
2906,Samsung Storage Model-171,Storage,Samsung,101.51,482
2907,Corsair Accessories Model-814,Accessories,Corsair,2442.58,366
2908,Seagate Storage Model-393,Storage,Seagate,412.35,316
2909,SteelSeries Accessories Model-935,Accessories,SteelSeries,1627.35,325
2910,Seagate Storage Model-254,Storage,Seagate,1308.3,337
2911,Seagate Storage Model-679,Storage,Seagate,966.82,308
2912,Samsung Storage Model-612,Storage,Samsung,734.17,54
2913,Dell Laptop Model-632,Laptop,Dell,1070.5,351
2914,BenQ Monitor Model-348,Monitor,BenQ,1358.98,473
2915,HP Laptop Model-756,Laptop,HP,187.57,256
2916,Corsair Accessories Model-145,Accessories,Corsair,894.26,232
2917,Seagate Storage Model-233,Storage,Seagate,664.03,264
2918,SteelSeries Accessories Model-557,Accessories,SteelSeries,1700.93,223
2919,Corsair Accessories Model-588,Accessories,Corsair,873.99,32
2920,Dell Monitor Model-785,Monitor,Dell,1227.44,95
2921,Asus Laptop Model-648,Laptop,Asus,906.06,265
2922,Samsung Storage Model-812,Storage,Samsung,2416.51,495
2923,SteelSeries Accessories Model-703,Accessories,SteelSeries,402.12,46
2924,BenQ Monitor Model-767,Monitor,BenQ,1279.18,386
2925,Samsung Monitor Model-660,Monitor,Samsung,72.55,387
2926,Western Digital Storage Model-111,Storage,Western Digital,777.08,275
2927,HP Laptop Model-793,Laptop,HP,673.85,120
2928,Western Digital Storage Model-984,Storage,Western Digital,731.83,64
2929,Seagate Storage Model-827,Storage,Seagate,1352.8,21
2930,Lenovo Laptop Model-754,Laptop,Lenovo,2312.92,418
2931,Crucial Storage Model-635,Storage,Crucial,1231.71,49
2932,Western Digital Storage Model-170,Storage,Western Digital,1610.11,169
2933,HP Laptop Model-880,Laptop,HP,947.33,282
2934,Corsair Accessories Model-632,Accessories,Corsair,2161.72,407
2935,BenQ Monitor Model-558,Monitor,BenQ,1381.83,150
2936,SteelSeries Accessories Model-308,Accessories,SteelSeries,478.9,320
2937,Western Digital Storage Model-929,Storage,Western Digital,755.57,297
2938,Crucial Storage Model-957,Storage,Crucial,1237.62,207
2939,Samsung Storage Model-278,Storage,Samsung,1181.98,224
2940,Samsung Monitor Model-369,Monitor,Samsung,2203.84,316
2941,Lenovo Laptop Model-232,Laptop,Lenovo,382.7,212
2942,Samsung Storage Model-752,Storage,Samsung,1933.72,423
2943,SteelSeries Accessories Model-512,Accessories,SteelSeries,1763.05,357
2944,Logitech Accessories Model-533,Accessories,Logitech,1728.65,371
2945,Lenovo Laptop Model-551,Laptop,Lenovo,515.38,410
2946,Lenovo Laptop Model-837,Laptop,Lenovo,1081.72,241
2947,LG Monitor Model-159,Monitor,LG,1027.82,323
2948,Seagate Storage Model-801,Storage,Seagate,1024.4,402
2949,Samsung Storage Model-278,Storage,Samsung,937.51,123
2950,BenQ Monitor Model-911,Monitor,BenQ,1983.63,356
2951,Seagate Storage Model-194,Storage,Seagate,130.28,348
2952,Seagate Storage Model-143,Storage,Seagate,1052.66,196
2953,Samsung Storage Model-763,Storage,Samsung,1016.24,387
2954,LG Monitor Model-209,Monitor,LG,1462.08,417
2955,Western Digital Storage Model-176,Storage,Western Digital,1490.01,70
2956,Razer Accessories Model-273,Accessories,Razer,1671.5,48
2957,HP Laptop Model-976,Laptop,HP,900.49,397
2958,Samsung Storage Model-432,Storage,Samsung,573.21,474
2959,Western Digital Storage Model-196,Storage,Western Digital,548.4,364
2960,LG Monitor Model-558,Monitor,LG,619.87,390
2961,Razer Accessories Model-488,Accessories,Razer,1643.32,35
2962,Western Digital Storage Model-525,Storage,Western Digital,379.85,273
2963,Samsung Storage Model-666,Storage,Samsung,1597.18,265
2964,Lenovo Laptop Model-326,Laptop,Lenovo,1305.48,234
2965,Apple Laptop Model-847,Laptop,Apple,678.14,128
2966,Dell Monitor Model-707,Monitor,Dell,935.6,333
2967,Samsung Monitor Model-451,Monitor,Samsung,437.36,339
2968,Dell Monitor Model-673,Monitor,Dell,1155.52,164
2969,Dell Monitor Model-486,Monitor,Dell,1286.32,421
2970,Crucial Storage Model-413,Storage,Crucial,2088.32,365
2971,HP Laptop Model-140,Laptop,HP,1740.13,373
2972,SteelSeries Accessories Model-901,Accessories,SteelSeries,2141.36,363
2973,Logitech Accessories Model-406,Accessories,Logitech,386.08,489
2974,Logitech Accessories Model-718,Accessories,Logitech,1000.05,467
2975,Asus Laptop Model-352,Laptop,Asus,2225.19,109
2976,Dell Monitor Model-592,Monitor,Dell,1325.62,95
2977,Dell Monitor Model-559,Monitor,Dell,1967.92,77
2978,HP Laptop Model-194,Laptop,HP,1059.68,394
2979,Asus Laptop Model-227,Laptop,Asus,120.98,158
2980,Seagate Storage Model-613,Storage,Seagate,1243.71,162
2981,Asus Laptop Model-333,Laptop,Asus,1011.95,370
2982,Razer Accessories Model-671,Accessories,Razer,1263.48,109
2983,HP Laptop Model-542,Laptop,HP,1038.4,47
2984,Apple Laptop Model-463,Laptop,Apple,94.55,455
2985,Samsung Storage Model-852,Storage,Samsung,182.04,135
2986,Apple Laptop Model-318,Laptop,Apple,324.28,108
2987,Dell Laptop Model-211,Laptop,Dell,1107.85,121
2988,HP Laptop Model-472,Laptop,HP,135.33,373
2989,Samsung Monitor Model-869,Monitor,Samsung,2224.85,167
2990,SteelSeries Accessories Model-660,Accessories,SteelSeries,385.6,298
2991,Crucial Storage Model-333,Storage,Crucial,451.75,363
2992,Apple Laptop Model-478,Laptop,Apple,772.01,347
2993,Crucial Storage Model-898,Storage,Crucial,1026.89,456
2994,Samsung Monitor Model-168,Monitor,Samsung,374.37,302
2995,Asus Laptop Model-184,Laptop,Asus,1917.88,29
2996,BenQ Monitor Model-442,Monitor,BenQ,2153.8,248
2997,Samsung Monitor Model-314,Monitor,Samsung,51.21,49
2998,HP Laptop Model-114,Laptop,HP,1833.29,227
2999,SteelSeries Accessories Model-148,Accessories,SteelSeries,1929.22,292
3000,Samsung Storage Model-101,Storage,Samsung,584.68,402
